DateTime,Players,DLC_Peak,DLC_Tail,Update_Peak,Update_Tail,Sale_Start,Sale_Rest,DeepSale_Start,DeepSale_Rest,Tourney_Days,Tourney_After
2023-06-01,22653,0.0,0.0,0.0,0.0,0.0,0.0,0.0,0.0,0.0,0.0
2023-06-02,66317,0.0,0.0,0.0,0.0,0.0,0.0,0.0,0.0,0.0,0.0
2023-06-03,70573,0.0,0.0,0.0,0.0,0.0,0.0,0.0,0.0,0.0,0.0
2023-06-04,65655,0.0,0.0,0.0,0.0,0.0,0.0,0.0,0.0,0.0,0.0
2023-06-05,55793,0.0,0.0,0.0,0.0,0.0,0.0,0.0,0.0,0.0,0.0
2023-06-06,53595,0.0,0.0,0.0,0.0,0.0,0.0,0.0,0.0,0.0,0.0
2023-06-07,49785,0.0,0.0,0.0,0.0,0.0,0.0,0.0,0.0,0.0,0.0
2023-06-08,46582,0.0,0.0,0.0,0.0,0.0,0.0,0.0,0.0,0.0,0.0
2023-06-09,49677,0.0,0.0,0.0,0.0,0.0,0.0,0.0,0.0,0.0,0.0
2023-06-10,51814,0.0,0.0,0.0,0.0,0.0,0.0,0.0,0.0,0.0,0.0
2023-06-11,49857,0.0,0.0,0.0,0.0,0.0,0.0,0.0,0.0,0.0,0.0
2023-06-12,44257,0.0,0.0,0.0,0.0,0.0,0.0,0.0,0.0,0.0,0.0
2023-06-13,42966,0.0,0.0,0.0,0.0,0.0,0.0,0.0,0.0,0.0,0.0
2023-06-14,40218,0.0,0.0,0.0,0.0,0.0,0.0,0.0,0.0,0.0,0.0
2023-06-15,37704,0.0,0.0,0.0,0.0,0.0,0.0,0.0,0.0,0.0,0.0
2023-06-16,38599,0.0,0.0,0.0,0.0,0.0,0.0,0.0,0.0,0.0,0.0
2023-06-17,41230,0.0,0.0,0.0,0.0,0.0,0.0,0.0,0.0,0.0,0.0
2023-06-18,38908,0.0,0.0,0.0,0.0,0.0,0.0,0.0,0.0,0.0,0.0
2023-06-19,35775,0.0,0.0,0.0,0.0,0.0,0.0,0.0,0.0,0.0,0.0
2023-06-20,35872,0.0,0.0,0.0,0.0,0.0,0.0,0.0,0.0,0.0,0.0
2023-06-21,35000,0.0,0.0,0.0,0.0,0.0,0.0,0.0,0.0,0.0,0.0
2023-06-22,34835,0.0,0.0,0.0,0.0,0.0,0.0,0.0,0.0,0.0,0.0
2023-06-23,36130,0.0,0.0,0.0,0.0,0.0,0.0,0.0,0.0,0.0,0.0
2023-06-24,38588,0.0,0.0,0.0,0.0,0.0,0.0,0.0,0.0,0.0,0.0
2023-06-25,36840,0.0,0.0,0.0,0.0,0.0,0.0,0.0,0.0,0.0,0.0
2023-06-26,37711,0.0,0.0,0.0,0.0,0.0,0.0,0.0,0.0,0.0,0.0
2023-06-27,38699,0.0,0.0,0.0,0.0,0.0,0.0,0.0,0.0,0.0,0.0
2023-06-28,36572,0.0,0.0,0.0,0.0,0.0,0.0,0.0,0.0,0.0,0.0
2023-06-29,36169,0.0,0.0,0.0,0.0,0.0,0.0,0.0,0.0,0.0,0.0
2023-06-30,37501,0.0,0.0,0.0,0.0,0.0,0.0,0.0,0.0,0.0,0.0
2023-07-01,39834,0.0,0.0,0.0,0.0,0.0,0.0,0.0,0.0,0.0,0.0
2023-07-02,35393,0.0,0.0,0.0,0.0,0.0,0.0,0.0,0.0,0.0,0.0
2023-07-03,37901,0.0,0.0,0.0,0.0,0.0,0.0,0.0,0.0,0.0,0.0
2023-07-04,39312,0.0,0.0,0.0,0.0,0.0,0.0,0.0,0.0,0.0,0.0
2023-07-05,36622,0.0,0.0,0.0,0.0,0.0,0.0,0.0,0.0,0.0,0.0
2023-07-06,36364,0.0,0.0,0.0,0.0,0.0,0.0,0.0,0.0,0.0,0.0
2023-07-07,36980,0.0,0.0,0.0,0.0,0.0,0.0,0.0,0.0,0.0,0.0
2023-07-08,38912,0.0,0.0,0.0,0.0,0.0,0.0,0.0,0.0,0.0,0.0
2023-07-09,35819,0.0,0.0,0.0,0.0,0.0,0.0,0.0,0.0,0.0,0.0
2023-07-10,35189,0.0,0.0,0.0,0.0,0.0,0.0,0.0,0.0,0.0,0.0
2023-07-11,34684,0.0,0.0,0.0,0.0,0.0,0.0,0.0,0.0,0.0,0.0
2023-07-12,33789,0.0,0.0,0.0,0.0,0.0,0.0,0.0,0.0,0.0,0.0
2023-07-13,33800,0.0,0.0,0.0,0.0,0.0,0.0,0.0,0.0,0.0,0.0
2023-07-14,33479,0.0,0.0,0.0,0.0,0.0,0.0,0.0,0.0,0.0,0.0
2023-07-15,34099,0.0,0.0,0.0,0.0,0.0,0.0,0.0,0.0,0.0,0.0
2023-07-16,33316,0.0,0.0,0.0,0.0,0.0,0.0,0.0,0.0,0.0,0.0
2023-07-17,30830,0.0,0.0,0.0,0.0,0.0,0.0,0.0,0.0,0.0,0.0
2023-07-18,30661,0.0,0.0,0.0,0.0,0.0,0.0,0.0,0.0,0.0,0.0
2023-07-19,29450,0.0,0.0,0.0,0.0,0.0,0.0,0.0,0.0,0.0,0.0
2023-07-20,29045,0.0,0.0,0.0,0.0,0.0,0.0,0.0,0.0,0.0,0.0
2023-07-21,27911,0.0,0.0,0.0,0.0,0.0,0.0,0.0,0.0,0.0,0.0
2023-07-22,28680,0.0,0.0,0.0,0.0,0.0,0.0,0.0,0.0,0.0,0.0
2023-07-23,26509,0.0,0.0,0.0,0.0,0.0,0.0,0.0,0.0,0.0,0.0
2023-07-24,36190,1.0,0.0,0.0,0.0,0.0,0.0,0.0,0.0,0.0,0.0
2023-07-25,29555,1.0,0.0,0.0,0.0,0.0,0.0,0.0,0.0,0.0,0.0
2023-07-26,27938,1.0,0.0,0.0,0.0,0.0,0.0,0.0,0.0,0.0,0.0
2023-07-27,27243,0.0,1.0,0.0,0.0,0.0,0.0,0.0,0.0,0.0,0.0
2023-07-28,27453,0.0,1.0,0.0,0.0,0.0,0.0,0.0,0.0,0.0,0.0
2023-07-29,27409,0.0,1.0,0.0,0.0,0.0,0.0,0.0,0.0,0.0,0.0
2023-07-30,25048,0.0,1.0,0.0,0.0,0.0,0.0,0.0,0.0,0.0,0.0
2023-07-31,25311,0.0,1.0,0.0,0.0,0.0,0.0,0.0,0.0,0.0,0.0
2023-08-01,26262,0.0,1.0,0.0,0.0,0.0,0.0,0.0,0.0,0.0,0.0
2023-08-02,25476,0.0,1.0,0.0,0.0,0.0,0.0,0.0,0.0,0.0,0.0
2023-08-03,25337,0.0,0.0,0.0,0.0,0.0,0.0,0.0,0.0,0.0,0.0
2023-08-04,24228,0.0,0.0,0.0,0.0,0.0,0.0,0.0,0.0,0.0,0.0
2023-08-05,24727,0.0,0.0,0.0,0.0,0.0,0.0,0.0,0.0,0.0,0.0
2023-08-06,23199,0.0,0.0,0.0,0.0,0.0,0.0,0.0,0.0,0.0,0.0
2023-08-07,24276,0.0,0.0,0.0,0.0,0.0,0.0,0.0,0.0,0.0,0.0
2023-08-08,24813,0.0,0.0,0.0,0.0,0.0,0.0,0.0,0.0,0.0,0.0
2023-08-09,24074,0.0,0.0,0.0,0.0,0.0,0.0,0.0,0.0,0.0,0.0
2023-08-10,22303,0.0,0.0,0.0,0.0,0.0,0.0,0.0,0.0,0.0,0.0
2023-08-11,21733,0.0,0.0,0.0,0.0,0.0,0.0,0.0,0.0,0.0,0.0
2023-08-12,22321,0.0,0.0,0.0,0.0,0.0,0.0,0.0,0.0,0.0,0.0
2023-08-13,21593,0.0,0.0,0.0,0.0,0.0,0.0,0.0,0.0,0.0,0.0
2023-08-14,23211,0.0,0.0,0.0,0.0,0.0,0.0,0.0,0.0,0.0,0.0
2023-08-15,22972,0.0,0.0,0.0,0.0,0.0,0.0,0.0,0.0,0.0,0.0
2023-08-16,22393,0.0,0.0,0.0,0.0,0.0,0.0,0.0,0.0,0.0,0.0
2023-08-17,22281,0.0,0.0,0.0,0.0,0.0,0.0,0.0,0.0,0.0,0.0
2023-08-18,22826,0.0,0.0,0.0,0.0,0.0,0.0,0.0,0.0,0.0,0.0
2023-08-19,23291,0.0,0.0,0.0,0.0,0.0,0.0,0.0,0.0,0.0,0.0
2023-08-20,21563,0.0,0.0,0.0,0.0,0.0,0.0,0.0,0.0,0.0,0.0
2023-08-21,21894,0.0,0.0,0.0,0.0,0.0,0.0,0.0,0.0,0.0,0.0
2023-08-22,21829,0.0,0.0,0.0,0.0,0.0,0.0,0.0,0.0,0.0,0.0
2023-08-23,21819,0.0,0.0,0.0,0.0,0.0,0.0,0.0,0.0,0.0,0.0
2023-08-24,21146,0.0,0.0,0.0,0.0,0.0,0.0,0.0,0.0,0.0,0.0
2023-08-25,20005,0.0,0.0,0.0,0.0,0.0,0.0,0.0,0.0,0.0,0.0
2023-08-26,19792,0.0,0.0,0.0,0.0,0.0,0.0,0.0,0.0,0.0,0.0
2023-08-27,18963,0.0,0.0,0.0,0.0,0.0,0.0,0.0,0.0,0.0,0.0
2023-08-28,19308,0.0,0.0,0.0,0.0,0.0,0.0,0.0,0.0,0.0,0.0
2023-08-29,19570,0.0,0.0,0.0,0.0,0.0,0.0,0.0,0.0,0.0,0.0
2023-08-30,18889,0.0,0.0,0.0,0.0,0.0,0.0,0.0,0.0,0.0,0.0
2023-08-31,19447,0.0,0.0,0.0,0.0,0.0,0.0,0.0,0.0,0.0,0.0
2023-09-01,20828,0.0,0.0,0.0,0.0,0.0,0.0,0.0,0.0,0.0,0.0
2023-09-02,20945,0.0,0.0,0.0,0.0,0.0,0.0,0.0,0.0,0.0,0.0
2023-09-03,20262,0.0,0.0,0.0,0.0,0.0,0.0,0.0,0.0,0.0,0.0
2023-09-04,20965,0.0,0.0,0.0,0.0,0.0,0.0,0.0,0.0,0.0,0.0
2023-09-05,20812,0.0,0.0,0.0,0.0,0.0,0.0,0.0,0.0,0.0,0.0
2023-09-06,20488,0.0,0.0,0.0,0.0,0.0,0.0,0.0,0.0,0.0,0.0
2023-09-07,21330,0.0,0.0,0.0,0.0,0.0,0.0,0.0,0.0,0.0,0.0
2023-09-08,21980,0.0,0.0,0.0,0.0,0.0,0.0,0.0,0.0,0.0,0.0
2023-09-09,22564,0.0,0.0,0.0,0.0,0.0,0.0,0.0,0.0,0.0,0.0
2023-09-10,21612,0.0,0.0,0.0,0.0,0.0,0.0,0.0,0.0,0.0,0.0
2023-09-11,22371,0.0,0.0,0.0,0.0,0.0,0.0,0.0,0.0,0.0,0.0
2023-09-12,22054,0.0,0.0,0.0,0.0,0.0,0.0,0.0,0.0,0.0,0.0
2023-09-13,20611,0.0,0.0,0.0,0.0,0.0,0.0,0.0,0.0,0.0,0.0
2023-09-14,21954,0.0,0.0,0.0,0.0,0.0,0.0,0.0,0.0,0.0,0.0
2023-09-15,21993,0.0,0.0,0.0,0.0,0.0,0.0,0.0,0.0,0.0,0.0
2023-09-16,22015,0.0,0.0,0.0,0.0,0.0,0.0,0.0,0.0,0.0,0.0
2023-09-17,21665,0.0,0.0,0.0,0.0,0.0,0.0,0.0,0.0,0.0,0.0
2023-09-18,21381,0.0,0.0,0.0,0.0,0.0,0.0,0.0,0.0,0.0,0.0
2023-09-19,22262,0.0,0.0,0.0,0.0,0.0,0.0,0.0,0.0,0.0,0.0
2023-09-20,21799,0.0,0.0,0.0,0.0,0.0,0.0,0.0,0.0,0.0,0.0
2023-09-21,22281,0.0,0.0,0.0,0.0,0.0,0.0,0.0,0.0,0.0,0.0
2023-09-22,22445,0.0,0.0,0.0,0.0,0.0,0.0,0.0,0.0,0.0,0.0
2023-09-23,23482,0.0,0.0,0.0,0.0,0.0,0.0,0.0,0.0,0.0,0.0
2023-09-24,23298,0.0,0.0,0.0,0.0,0.0,0.0,0.0,0.0,0.0,0.0
2023-09-25,24815,0.0,0.0,0.0,0.0,0.0,0.0,0.0,0.0,0.0,0.0
2023-09-26,24647,0.0,0.0,0.0,0.0,0.0,0.0,0.0,0.0,0.0,0.0
2023-09-27,36263,1.0,0.0,0.0,0.0,0.0,0.0,0.0,0.0,0.0,0.0
2023-09-28,29037,1.0,0.0,0.0,0.0,0.0,0.0,0.0,0.0,0.0,0.0
2023-09-29,26599,1.0,0.0,0.0,0.0,0.0,0.0,0.0,0.0,0.0,0.0
2023-09-30,25873,0.0,1.0,0.0,0.0,0.0,0.0,0.0,0.0,0.0,0.0
2023-10-01,23918,0.0,1.0,0.0,0.0,0.0,0.0,0.0,0.0,0.0,0.0
2023-10-02,23374,0.0,1.0,0.0,0.0,0.0,0.0,0.0,0.0,0.0,0.0
2023-10-03,22565,0.0,1.0,0.0,0.0,0.0,0.0,0.0,0.0,0.0,0.0
2023-10-04,22218,0.0,1.0,0.0,0.0,0.0,0.0,0.0,0.0,0.0,0.0
2023-10-05,22004,0.0,1.0,0.0,0.0,0.0,0.0,0.0,0.0,0.0,0.0
2023-10-06,22456,0.0,1.0,0.0,0.0,0.0,0.0,0.0,0.0,0.0,0.0
2023-10-07,22677,0.0,0.0,0.0,0.0,0.0,0.0,0.0,0.0,0.0,0.0
2023-10-08,22091,0.0,0.0,0.0,0.0,0.0,0.0,0.0,0.0,0.0,0.0
2023-10-09,20868,0.0,0.0,0.0,0.0,0.0,0.0,0.0,0.0,0.0,0.0
2023-10-10,21206,0.0,0.0,0.0,0.0,0.0,0.0,0.0,0.0,0.0,0.0
2023-10-11,20735,0.0,0.0,0.0,0.0,0.0,0.0,0.0,0.0,0.0,0.0
2023-10-12,20942,0.0,0.0,0.0,0.0,0.0,0.0,0.0,0.0,0.0,0.0
2023-10-13,21243,0.0,0.0,0.0,0.0,0.0,0.0,0.0,0.0,0.0,0.0
2023-10-14,21558,0.0,0.0,0.0,0.0,0.0,0.0,0.0,0.0,0.0,0.0
2023-10-15,19555,0.0,0.0,0.0,0.0,0.0,0.0,0.0,0.0,0.0,0.0
2023-10-16,20583,0.0,0.0,0.0,0.0,0.0,0.0,0.0,0.0,0.0,0.0
2023-10-17,20388,0.0,0.0,0.0,0.0,0.0,0.0,0.0,0.0,0.0,0.0
2023-10-18,20565,0.0,0.0,0.0,0.0,0.0,0.0,0.0,0.0,0.0,0.0
2023-10-19,20377,0.0,0.0,0.0,0.0,0.0,0.0,0.0,0.0,0.0,0.0
2023-10-20,20057,0.0,0.0,0.0,0.0,0.0,0.0,0.0,0.0,0.0,0.0
2023-10-21,20085,0.0,0.0,0.0,0.0,0.0,0.0,0.0,0.0,0.0,0.0
2023-10-22,19301,0.0,0.0,0.0,0.0,0.0,0.0,0.0,0.0,0.0,0.0
2023-10-23,20201,0.0,0.0,0.0,0.0,0.0,0.0,0.0,0.0,0.0,0.0
2023-10-24,21144,0.0,0.0,0.0,0.0,0.0,0.0,0.0,0.0,0.0,0.0
2023-10-25,20575,0.0,0.0,0.0,0.0,0.0,0.0,0.0,0.0,0.0,0.0
2023-10-26,20124,0.0,0.0,0.0,0.0,0.0,0.0,0.0,0.0,0.0,0.0
2023-10-27,20184,0.0,0.0,0.0,0.0,0.0,0.0,0.0,0.0,0.0,0.0
2023-10-28,20353,0.0,0.0,0.0,0.0,0.0,0.0,0.0,0.0,0.0,0.0
2023-10-29,18878,0.0,0.0,0.0,0.0,0.0,0.0,0.0,0.0,0.0,0.0
2023-10-30,19798,0.0,0.0,0.0,0.0,0.0,0.0,0.0,0.0,0.0,0.0
2023-10-31,19596,0.0,0.0,0.0,0.0,0.0,0.0,0.0,0.0,0.0,0.0
2023-11-01,19934,0.0,0.0,0.0,0.0,0.0,0.0,0.0,0.0,0.0,0.0
2023-11-02,19969,0.0,0.0,0.0,0.0,0.0,0.0,0.0,0.0,0.0,0.0
2023-11-03,18283,0.0,0.0,0.0,0.0,0.0,0.0,0.0,0.0,0.0,0.0
2023-11-04,18688,0.0,0.0,0.0,0.0,0.0,0.0,0.0,0.0,0.0,0.0
2023-11-05,17201,0.0,0.0,0.0,0.0,0.0,0.0,0.0,0.0,0.0,0.0
2023-11-06,18835,0.0,0.0,0.0,0.0,0.0,0.0,0.0,0.0,0.0,0.0
2023-11-07,19297,0.0,0.0,0.0,0.0,0.0,0.0,0.0,0.0,0.0,0.0
2023-11-08,18952,0.0,0.0,0.0,0.0,0.0,0.0,0.0,0.0,0.0,0.0
2023-11-09,18672,0.0,0.0,0.0,0.0,0.0,0.0,0.0,0.0,0.0,0.0
2023-11-10,18649,0.0,0.0,0.0,0.0,0.0,0.0,0.0,0.0,0.0,0.0
2023-11-11,18482,0.0,0.0,0.0,0.0,0.0,0.0,0.0,0.0,0.0,0.0
2023-11-12,17542,0.0,0.0,0.0,0.0,0.0,0.0,0.0,0.0,0.0,0.0
2023-11-13,18200,0.0,0.0,0.0,0.0,0.0,0.0,0.0,0.0,0.0,0.0
2023-11-14,18212,0.0,0.0,0.0,0.0,0.0,0.0,0.0,0.0,0.0,0.0
2023-11-15,18507,0.0,0.0,0.0,0.0,0.0,0.0,0.0,0.0,0.0,0.0
2023-11-16,18669,0.0,0.0,0.0,0.0,0.0,0.0,0.0,0.0,0.0,0.0
2023-11-17,18427,0.0,0.0,0.0,0.0,0.0,0.0,0.0,0.0,0.0,0.0
2023-11-18,19265,0.0,0.0,0.0,0.0,0.0,0.0,0.0,0.0,0.0,0.0
2023-11-19,17908,0.0,0.0,0.0,0.0,0.0,0.0,0.0,0.0,0.0,0.0
2023-11-20,19637,0.0,0.0,0.0,0.0,0.0,0.0,0.0,0.0,0.0,0.0
2023-11-21,19422,0.0,0.0,0.0,0.0,0.0,0.0,0.0,0.0,0.0,0.0
2023-11-22,24641,0.0,0.0,0.0,0.0,0.0,0.0,1.0,0.0,0.0,0.0
2023-11-23,24655,0.0,0.0,0.0,0.0,0.0,0.0,0.0,1.0,0.0,0.0
2023-11-24,25662,0.0,0.0,0.0,0.0,0.0,0.0,0.0,1.0,0.0,0.0
2023-11-25,26261,0.0,0.0,0.0,0.0,0.0,0.0,0.0,1.0,0.0,0.0
2023-11-26,25821,0.0,0.0,0.0,0.0,0.0,0.0,0.0,1.0,0.0,0.0
2023-11-27,26573,0.0,0.0,0.0,0.0,0.0,0.0,0.0,1.0,0.0,0.0
2023-11-28,27299,0.0,0.0,0.0,0.0,0.0,0.0,0.0,1.0,0.0,0.0
2023-11-29,27302,0.0,0.0,0.0,0.0,0.0,0.0,0.0,0.0,0.0,0.0
2023-11-30,26656,0.0,0.0,0.0,0.0,0.0,0.0,0.0,0.0,0.0,0.0
2023-12-01,32442,0.0,0.0,1.0,0.0,0.0,0.0,0.0,0.0,0.0,0.0
2023-12-02,27932,0.0,0.0,1.0,0.0,0.0,0.0,0.0,0.0,0.0,0.0
2023-12-03,25390,0.0,0.0,0.0,1.0,0.0,0.0,0.0,0.0,0.0,0.0
2023-12-04,25905,0.0,0.0,0.0,1.0,0.0,0.0,0.0,0.0,0.0,0.0
2023-12-05,25585,0.0,0.0,0.0,0.0,0.0,0.0,0.0,0.0,0.0,0.0
2023-12-06,25125,0.0,0.0,0.0,0.0,0.0,0.0,0.0,0.0,0.0,0.0
2023-12-07,25526,0.0,0.0,0.0,0.0,0.0,0.0,0.0,0.0,0.0,0.0
2023-12-08,24960,0.0,0.0,0.0,0.0,1.0,0.0,0.0,0.0,0.0,0.0
2023-12-09,25702,0.0,0.0,0.0,0.0,0.0,1.0,0.0,0.0,0.0,0.0
2023-12-10,24078,0.0,0.0,0.0,0.0,0.0,1.0,0.0,0.0,0.0,0.0
2023-12-11,23939,0.0,0.0,0.0,0.0,0.0,1.0,0.0,0.0,0.0,0.0
2023-12-12,23678,0.0,0.0,0.0,0.0,0.0,1.0,0.0,0.0,0.0,0.0
2023-12-13,23955,0.0,0.0,0.0,0.0,0.0,1.0,0.0,0.0,0.0,0.0
2023-12-14,22546,0.0,0.0,0.0,0.0,0.0,1.0,0.0,0.0,0.0,0.0
2023-12-15,22698,0.0,0.0,0.0,0.0,0.0,1.0,0.0,0.0,0.0,0.0
2023-12-16,23447,0.0,0.0,0.0,0.0,0.0,1.0,0.0,0.0,0.0,0.0
2023-12-17,22227,0.0,0.0,0.0,0.0,0.0,1.0,0.0,0.0,0.0,0.0
2023-12-18,22641,0.0,0.0,0.0,0.0,0.0,1.0,0.0,0.0,0.0,0.0
2023-12-19,22728,0.0,0.0,0.0,0.0,0.0,1.0,0.0,0.0,0.0,0.0
2023-12-20,22401,0.0,0.0,0.0,0.0,0.0,1.0,0.0,0.0,0.0,0.0
2023-12-21,21786,0.0,0.0,0.0,0.0,0.0,1.0,0.0,0.0,0.0,0.0
2023-12-22,22138,0.0,0.0,0.0,0.0,0.0,1.0,0.0,0.0,0.0,0.0
2023-12-23,22201,0.0,0.0,0.0,0.0,0.0,1.0,0.0,0.0,0.0,0.0
2023-12-24,20957,0.0,0.0,0.0,0.0,0.0,1.0,0.0,0.0,0.0,0.0
2023-12-25,22137,0.0,0.0,0.0,0.0,0.0,1.0,0.0,0.0,0.0,0.0
2023-12-26,23136,0.0,0.0,0.0,0.0,0.0,1.0,0.0,0.0,0.0,0.0
2023-12-27,22258,0.0,0.0,0.0,0.0,0.0,1.0,0.0,0.0,0.0,0.0
2023-12-28,22542,0.0,0.0,0.0,0.0,0.0,1.0,0.0,0.0,0.0,0.0
2023-12-29,21529,0.0,0.0,0.0,0.0,0.0,1.0,0.0,0.0,0.0,0.0
2023-12-30,20842,0.0,0.0,0.0,0.0,0.0,1.0,0.0,0.0,0.0,0.0
2023-12-31,17791,0.0,0.0,0.0,0.0,0.0,1.0,0.0,0.0,0.0,0.0
2024-01-01,18550,0.0,0.0,0.0,0.0,0.0,1.0,0.0,0.0,0.0,0.0
2024-01-02,20480,0.0,0.0,0.0,0.0,0.0,1.0,0.0,0.0,0.0,0.0
2024-01-03,21659,0.0,0.0,0.0,0.0,0.0,1.0,0.0,0.0,0.0,0.0
2024-01-04,22187,0.0,0.0,0.0,0.0,0.0,1.0,0.0,0.0,0.0,0.0
2024-01-05,23252,0.0,0.0,0.0,0.0,0.0,0.0,0.0,0.0,0.0,0.0
2024-01-06,23042,0.0,0.0,0.0,0.0,0.0,0.0,0.0,0.0,0.0,0.0
2024-01-07,22300,0.0,0.0,0.0,0.0,0.0,0.0,0.0,0.0,0.0,0.0
2024-01-08,20849,0.0,0.0,0.0,0.0,0.0,0.0,0.0,0.0,0.0,0.0
2024-01-09,23604,0.0,0.0,0.0,0.0,0.0,0.0,0.0,0.0,0.0,0.0
2024-01-10,21666,0.0,0.0,0.0,0.0,0.0,0.0,0.0,0.0,0.0,0.0
2024-01-11,21505,0.0,0.0,0.0,0.0,0.0,0.0,0.0,0.0,0.0,0.0
2024-01-12,22206,0.0,0.0,0.0,0.0,0.0,0.0,0.0,0.0,0.0,0.0
2024-01-13,22998,0.0,0.0,0.0,0.0,0.0,0.0,0.0,0.0,0.0,0.0
2024-01-14,20722,0.0,0.0,0.0,0.0,0.0,0.0,0.0,0.0,0.0,0.0
2024-01-15,21976,0.0,0.0,0.0,0.0,0.0,0.0,0.0,0.0,0.0,0.0
2024-01-16,21888,0.0,0.0,0.0,0.0,0.0,0.0,0.0,0.0,0.0,0.0
2024-01-17,22078,0.0,0.0,0.0,0.0,0.0,0.0,0.0,0.0,0.0,0.0
2024-01-18,22350,0.0,0.0,0.0,0.0,0.0,0.0,0.0,0.0,0.0,0.0
2024-01-19,22396,0.0,0.0,0.0,0.0,0.0,0.0,0.0,0.0,0.0,0.0
2024-01-20,22120,0.0,0.0,0.0,0.0,0.0,0.0,0.0,0.0,0.0,0.0
2024-01-21,19712,0.0,0.0,0.0,0.0,0.0,0.0,0.0,0.0,0.0,0.0
2024-01-22,19899,0.0,0.0,0.0,0.0,0.0,0.0,0.0,0.0,0.0,0.0
2024-01-23,19701,0.0,0.0,0.0,0.0,0.0,0.0,0.0,0.0,0.0,0.0
2024-01-24,19175,0.0,0.0,0.0,0.0,0.0,0.0,0.0,0.0,0.0,0.0
2024-01-25,19756,0.0,0.0,0.0,0.0,1.0,0.0,0.0,0.0,0.0,0.0
2024-01-26,19740,0.0,0.0,0.0,0.0,0.0,1.0,0.0,0.0,0.0,0.0
2024-01-27,19155,0.0,0.0,0.0,0.0,0.0,1.0,0.0,0.0,0.0,0.0
2024-01-28,19262,0.0,0.0,0.0,0.0,0.0,1.0,0.0,0.0,0.0,0.0
2024-01-29,19735,0.0,0.0,0.0,0.0,0.0,1.0,0.0,0.0,0.0,0.0
2024-01-30,20548,0.0,0.0,0.0,0.0,0.0,1.0,0.0,0.0,0.0,0.0
2024-01-31,19954,0.0,0.0,0.0,0.0,0.0,0.0,0.0,0.0,0.0,0.0
2024-02-01,19835,0.0,0.0,0.0,0.0,0.0,0.0,0.0,0.0,0.0,0.0
2024-02-02,19965,0.0,0.0,0.0,0.0,0.0,0.0,0.0,0.0,0.0,0.0
2024-02-03,19935,0.0,0.0,0.0,0.0,0.0,0.0,0.0,0.0,0.0,0.0
2024-02-04,18613,0.0,0.0,0.0,0.0,0.0,0.0,0.0,0.0,0.0,0.0
2024-02-05,19335,0.0,0.0,0.0,0.0,0.0,0.0,0.0,0.0,0.0,0.0
2024-02-06,19121,0.0,0.0,0.0,0.0,0.0,0.0,0.0,0.0,0.0,0.0
2024-02-07,19296,0.0,0.0,0.0,0.0,0.0,0.0,0.0,0.0,0.0,0.0
2024-02-08,20452,0.0,0.0,0.0,0.0,0.0,0.0,0.0,0.0,0.0,0.0
2024-02-09,21447,0.0,0.0,0.0,0.0,0.0,0.0,0.0,0.0,0.0,0.0
2024-02-10,21903,0.0,0.0,0.0,0.0,0.0,0.0,0.0,0.0,0.0,0.0
2024-02-11,21244,0.0,0.0,0.0,0.0,0.0,0.0,0.0,0.0,0.0,0.0
2024-02-12,20820,0.0,0.0,0.0,0.0,0.0,0.0,0.0,0.0,0.0,0.0
2024-02-13,21650,0.0,0.0,0.0,0.0,0.0,0.0,0.0,0.0,0.0,0.0
2024-02-14,20818,0.0,0.0,0.0,0.0,0.0,0.0,0.0,0.0,0.0,0.0
2024-02-15,21099,0.0,0.0,0.0,0.0,0.0,0.0,0.0,0.0,0.0,0.0
2024-02-16,21065,0.0,0.0,0.0,0.0,0.0,0.0,0.0,0.0,0.0,0.0
2024-02-17,21063,0.0,0.0,0.0,0.0,0.0,0.0,0.0,0.0,0.0,0.0
2024-02-18,20176,0.0,0.0,0.0,0.0,0.0,0.0,0.0,0.0,0.0,0.0
2024-02-19,20878,0.0,0.0,0.0,0.0,0.0,0.0,0.0,0.0,0.0,0.0
2024-02-20,21246,0.0,0.0,0.0,0.0,0.0,0.0,0.0,0.0,0.0,0.0
2024-02-21,20530,0.0,0.0,0.0,0.0,0.0,0.0,0.0,0.0,1.0,0.0
2024-02-22,20418,0.0,0.0,0.0,0.0,0.0,0.0,0.0,0.0,1.0,0.0
2024-02-23,20511,0.0,0.0,0.0,0.0,0.0,0.0,0.0,0.0,1.0,0.0
2024-02-24,20427,0.0,0.0,0.0,0.0,0.0,0.0,0.0,0.0,1.0,0.0
2024-02-25,19504,0.0,0.0,0.0,0.0,0.0,0.0,0.0,0.0,1.0,0.0
2024-02-26,21288,0.0,0.0,0.0,0.0,0.0,0.0,0.0,0.0,0.0,1.0
2024-02-27,46114,1.0,0.0,0.0,0.0,0.0,0.0,0.0,0.0,0.0,1.0
2024-02-28,33895,1.0,0.0,0.0,0.0,0.0,0.0,0.0,0.0,0.0,0.0
2024-02-29,30616,1.0,0.0,0.0,0.0,0.0,0.0,0.0,0.0,0.0,0.0
2024-03-01,31298,0.0,1.0,0.0,0.0,1.0,0.0,0.0,0.0,0.0,0.0
2024-03-02,30531,0.0,1.0,0.0,0.0,0.0,1.0,0.0,0.0,0.0,0.0
2024-03-03,28408,0.0,1.0,0.0,0.0,0.0,1.0,0.0,0.0,0.0,0.0
2024-03-04,27562,0.0,1.0,0.0,0.0,0.0,1.0,0.0,0.0,0.0,0.0
2024-03-05,27694,0.0,1.0,0.0,0.0,0.0,1.0,0.0,0.0,0.0,0.0
2024-03-06,26689,0.0,1.0,0.0,0.0,0.0,1.0,0.0,0.0,0.0,0.0
2024-03-07,25895,0.0,1.0,0.0,0.0,0.0,1.0,0.0,0.0,0.0,0.0
2024-03-08,27305,0.0,0.0,0.0,0.0,0.0,1.0,0.0,0.0,0.0,0.0
2024-03-09,26099,0.0,0.0,0.0,0.0,0.0,1.0,0.0,0.0,0.0,0.0
2024-03-10,24155,0.0,0.0,0.0,0.0,0.0,1.0,0.0,0.0,0.0,0.0
2024-03-11,24871,0.0,0.0,0.0,0.0,0.0,1.0,0.0,0.0,0.0,0.0
2024-03-12,25925,0.0,0.0,0.0,0.0,0.0,1.0,0.0,0.0,0.0,0.0
2024-03-13,25479,0.0,0.0,0.0,0.0,0.0,1.0,0.0,0.0,0.0,0.0
2024-03-14,24900,0.0,0.0,0.0,0.0,0.0,1.0,0.0,0.0,0.0,0.0
2024-03-15,25376,0.0,0.0,0.0,0.0,0.0,1.0,0.0,0.0,0.0,0.0
2024-03-16,24388,0.0,0.0,0.0,0.0,0.0,1.0,0.0,0.0,0.0,0.0
2024-03-17,24909,0.0,0.0,0.0,0.0,0.0,1.0,0.0,0.0,0.0,0.0
2024-03-18,26036,0.0,0.0,0.0,0.0,0.0,1.0,0.0,0.0,0.0,0.0
2024-03-19,27839,0.0,0.0,0.0,0.0,0.0,1.0,0.0,0.0,0.0,0.0
2024-03-20,27009,0.0,0.0,0.0,0.0,0.0,1.0,0.0,0.0,0.0,0.0
2024-03-21,27357,0.0,0.0,0.0,0.0,0.0,1.0,0.0,0.0,0.0,0.0
2024-03-22,26248,0.0,0.0,0.0,0.0,0.0,0.0,0.0,0.0,0.0,0.0
2024-03-23,25917,0.0,0.0,0.0,0.0,0.0,0.0,0.0,0.0,0.0,0.0
2024-03-24,25252,0.0,0.0,0.0,0.0,0.0,0.0,0.0,0.0,0.0,0.0
2024-03-25,25382,0.0,0.0,0.0,0.0,0.0,0.0,0.0,0.0,0.0,0.0
2024-03-26,25327,0.0,0.0,0.0,0.0,0.0,0.0,0.0,0.0,0.0,0.0
2024-03-27,23400,0.0,0.0,0.0,0.0,0.0,0.0,0.0,0.0,0.0,0.0
2024-03-28,24124,0.0,0.0,0.0,0.0,0.0,0.0,0.0,0.0,0.0,0.0
2024-03-29,24193,0.0,0.0,0.0,0.0,0.0,0.0,0.0,0.0,0.0,0.0
2024-03-30,23489,0.0,0.0,0.0,0.0,0.0,0.0,0.0,0.0,0.0,0.0
2024-03-31,21715,0.0,0.0,0.0,0.0,0.0,0.0,0.0,0.0,0.0,0.0
2024-04-01,24108,0.0,0.0,0.0,0.0,0.0,0.0,0.0,0.0,0.0,0.0
2024-04-02,24145,0.0,0.0,0.0,0.0,0.0,0.0,0.0,0.0,0.0,0.0
2024-04-03,23278,0.0,0.0,0.0,0.0,0.0,0.0,0.0,0.0,0.0,0.0
2024-04-04,23314,0.0,0.0,0.0,0.0,0.0,0.0,0.0,0.0,0.0,0.0
2024-04-05,23935,0.0,0.0,0.0,0.0,0.0,0.0,0.0,0.0,0.0,0.0
2024-04-06,23205,0.0,0.0,0.0,0.0,0.0,0.0,0.0,0.0,0.0,0.0
2024-04-07,22347,0.0,0.0,0.0,0.0,0.0,0.0,0.0,0.0,0.0,0.0
2024-04-08,23146,0.0,0.0,0.0,0.0,0.0,0.0,0.0,0.0,0.0,0.0
2024-04-09,22960,0.0,0.0,0.0,0.0,0.0,0.0,0.0,0.0,0.0,0.0
2024-04-10,23168,0.0,0.0,0.0,0.0,0.0,0.0,0.0,0.0,0.0,0.0
2024-04-11,22501,0.0,0.0,0.0,0.0,0.0,0.0,0.0,0.0,0.0,0.0
2024-04-12,23038,0.0,0.0,0.0,0.0,0.0,0.0,0.0,0.0,0.0,0.0
2024-04-13,22929,0.0,0.0,0.0,0.0,0.0,0.0,0.0,0.0,0.0,0.0
2024-04-14,21207,0.0,0.0,0.0,0.0,0.0,0.0,0.0,0.0,0.0,0.0
2024-04-15,21749,0.0,0.0,0.0,0.0,0.0,0.0,0.0,0.0,0.0,0.0
2024-04-16,22479,0.0,0.0,0.0,0.0,1.0,0.0,0.0,0.0,0.0,0.0
2024-04-17,22452,0.0,0.0,0.0,0.0,0.0,1.0,0.0,0.0,0.0,0.0
2024-04-18,22697,0.0,0.0,0.0,0.0,0.0,1.0,0.0,0.0,0.0,0.0
2024-04-19,23182,0.0,0.0,0.0,0.0,0.0,1.0,0.0,0.0,0.0,0.0
2024-04-20,22864,0.0,0.0,0.0,0.0,0.0,1.0,0.0,0.0,0.0,0.0
2024-04-21,21901,0.0,0.0,0.0,0.0,0.0,1.0,0.0,0.0,0.0,0.0
2024-04-22,22818,0.0,0.0,0.0,0.0,0.0,1.0,0.0,0.0,0.0,0.0
2024-04-23,23482,0.0,0.0,0.0,0.0,0.0,1.0,0.0,0.0,0.0,0.0
2024-04-24,22791,0.0,0.0,0.0,0.0,0.0,1.0,0.0,0.0,0.0,0.0
2024-04-25,24154,0.0,0.0,0.0,0.0,0.0,1.0,0.0,0.0,0.0,0.0
2024-04-26,23547,0.0,0.0,0.0,0.0,0.0,1.0,0.0,0.0,0.0,0.0
2024-04-27,21871,0.0,0.0,0.0,0.0,0.0,1.0,0.0,0.0,1.0,0.0
2024-04-28,22311,0.0,0.0,0.0,0.0,0.0,1.0,0.0,0.0,1.0,0.0
2024-04-29,23770,0.0,0.0,0.0,0.0,0.0,1.0,0.0,0.0,1.0,0.0
2024-04-30,25270,0.0,0.0,0.0,0.0,0.0,0.0,0.0,0.0,0.0,1.0
2024-05-01,25753,0.0,0.0,0.0,0.0,0.0,0.0,0.0,0.0,0.0,1.0
2024-05-02,24556,0.0,0.0,0.0,0.0,0.0,0.0,0.0,0.0,0.0,0.0
2024-05-03,22887,0.0,0.0,0.0,0.0,0.0,0.0,0.0,0.0,0.0,0.0
2024-05-04,24567,0.0,0.0,0.0,0.0,0.0,0.0,0.0,0.0,0.0,0.0
2024-05-05,24388,0.0,0.0,0.0,0.0,0.0,0.0,0.0,0.0,0.0,0.0
2024-05-06,24465,0.0,0.0,0.0,0.0,0.0,0.0,0.0,0.0,0.0,0.0
2024-05-07,26367,0.0,0.0,0.0,0.0,0.0,0.0,0.0,0.0,0.0,0.0
2024-05-08,25255,0.0,0.0,0.0,0.0,0.0,0.0,0.0,0.0,0.0,0.0
2024-05-09,26831,0.0,0.0,0.0,0.0,0.0,0.0,0.0,0.0,0.0,0.0
2024-05-10,28472,0.0,0.0,0.0,0.0,0.0,0.0,0.0,0.0,0.0,0.0
2024-05-11,29121,0.0,0.0,0.0,0.0,0.0,0.0,0.0,0.0,0.0,0.0
2024-05-12,26480,0.0,0.0,0.0,0.0,0.0,0.0,0.0,0.0,0.0,0.0
2024-05-13,28318,0.0,0.0,0.0,0.0,0.0,0.0,0.0,0.0,0.0,0.0
2024-05-14,28818,0.0,0.0,0.0,0.0,0.0,0.0,0.0,0.0,0.0,0.0
2024-05-15,29590,0.0,0.0,0.0,0.0,0.0,0.0,0.0,0.0,0.0,0.0
2024-05-16,28519,0.0,0.0,0.0,0.0,0.0,0.0,0.0,0.0,0.0,0.0
2024-05-17,29517,0.0,0.0,0.0,0.0,0.0,0.0,0.0,0.0,0.0,0.0
2024-05-18,29863,0.0,0.0,0.0,0.0,0.0,0.0,0.0,0.0,0.0,0.0
2024-05-19,25782,0.0,0.0,0.0,0.0,0.0,0.0,0.0,0.0,0.0,0.0
2024-05-20,29215,0.0,0.0,0.0,0.0,0.0,0.0,0.0,0.0,0.0,0.0
2024-05-21,28885,0.0,0.0,0.0,0.0,0.0,0.0,0.0,0.0,0.0,0.0
2024-05-22,70202,1.0,0.0,0.0,0.0,0.0,0.0,0.0,0.0,0.0,0.0
2024-05-23,51370,1.0,0.0,0.0,0.0,0.0,0.0,0.0,0.0,0.0,0.0
2024-05-24,46532,1.0,0.0,0.0,0.0,0.0,0.0,0.0,0.0,0.0,0.0
2024-05-25,43381,0.0,1.0,0.0,0.0,0.0,0.0,0.0,0.0,0.0,0.0
2024-05-26,39679,0.0,1.0,0.0,0.0,0.0,0.0,0.0,0.0,0.0,0.0
2024-05-27,39351,0.0,1.0,0.0,0.0,0.0,0.0,0.0,0.0,0.0,0.0
2024-05-28,38410,0.0,1.0,0.0,0.0,0.0,0.0,0.0,0.0,0.0,0.0
2024-05-29,36493,0.0,1.0,0.0,0.0,0.0,0.0,0.0,0.0,0.0,0.0
2024-05-30,35323,0.0,1.0,0.0,0.0,0.0,0.0,0.0,0.0,0.0,0.0
2024-05-31,35221,0.0,1.0,0.0,0.0,0.0,0.0,0.0,0.0,0.0,0.0
2024-06-01,33518,0.0,0.0,0.0,0.0,0.0,0.0,0.0,0.0,0.0,0.0
2024-06-02,30660,0.0,0.0,0.0,0.0,0.0,0.0,0.0,0.0,0.0,0.0
2024-06-03,34057,0.0,0.0,0.0,0.0,0.0,0.0,0.0,0.0,0.0,0.0
2024-06-04,41348,0.0,0.0,0.0,0.0,0.0,0.0,1.0,0.0,0.0,0.0
2024-06-05,43023,0.0,0.0,0.0,0.0,0.0,0.0,0.0,1.0,0.0,0.0
2024-06-06,43390,0.0,0.0,0.0,0.0,0.0,0.0,0.0,1.0,0.0,0.0
2024-06-07,44145,0.0,0.0,0.0,0.0,0.0,0.0,0.0,1.0,0.0,0.0
2024-06-08,47200,0.0,0.0,0.0,0.0,0.0,0.0,0.0,1.0,0.0,0.0
2024-06-09,45782,0.0,0.0,0.0,0.0,0.0,0.0,0.0,1.0,0.0,0.0
2024-06-10,46363,0.0,0.0,0.0,0.0,0.0,0.0,0.0,1.0,0.0,0.0
2024-06-11,47664,0.0,0.0,0.0,0.0,0.0,0.0,0.0,1.0,0.0,0.0
2024-06-12,45405,0.0,0.0,0.0,0.0,0.0,0.0,0.0,1.0,0.0,0.0
2024-06-13,44628,0.0,0.0,0.0,0.0,0.0,0.0,0.0,1.0,0.0,0.0
2024-06-14,43880,0.0,0.0,0.0,0.0,0.0,0.0,0.0,1.0,0.0,0.0
2024-06-15,44744,0.0,0.0,0.0,0.0,0.0,0.0,0.0,1.0,0.0,0.0
2024-06-16,42544,0.0,0.0,0.0,0.0,0.0,0.0,0.0,1.0,0.0,0.0
2024-06-17,42821,0.0,0.0,0.0,0.0,0.0,0.0,0.0,1.0,0.0,0.0
2024-06-18,46474,0.0,0.0,0.0,0.0,0.0,0.0,0.0,0.0,0.0,0.0
2024-06-19,38525,0.0,0.0,0.0,0.0,0.0,0.0,0.0,0.0,0.0,0.0
2024-06-20,37798,0.0,0.0,0.0,0.0,0.0,0.0,0.0,0.0,0.0,0.0
2024-06-21,35953,0.0,0.0,0.0,0.0,0.0,0.0,0.0,0.0,0.0,0.0
2024-06-22,35082,0.0,0.0,0.0,0.0,0.0,0.0,0.0,0.0,0.0,0.0
2024-06-23,31605,0.0,0.0,0.0,0.0,0.0,0.0,0.0,0.0,0.0,0.0
2024-06-24,31940,0.0,0.0,0.0,0.0,0.0,0.0,0.0,0.0,0.0,0.0
2024-06-25,31376,0.0,0.0,0.0,0.0,0.0,0.0,0.0,0.0,0.0,0.0
2024-06-26,49303,1.0,0.0,0.0,0.0,0.0,0.0,0.0,0.0,0.0,0.0
2024-06-27,41394,1.0,0.0,0.0,0.0,0.0,0.0,0.0,0.0,0.0,0.0
2024-06-28,39367,1.0,0.0,0.0,0.0,1.0,0.0,0.0,0.0,0.0,0.0
2024-06-29,39116,0.0,1.0,0.0,0.0,0.0,1.0,0.0,0.0,0.0,0.0
2024-06-30,35064,0.0,1.0,0.0,0.0,0.0,1.0,0.0,0.0,0.0,0.0
2024-07-01,37025,0.0,1.0,0.0,0.0,0.0,1.0,0.0,0.0,0.0,0.0
2024-07-02,36816,0.0,1.0,0.0,0.0,0.0,1.0,0.0,0.0,0.0,0.0
2024-07-03,34409,0.0,1.0,0.0,0.0,0.0,1.0,0.0,0.0,0.0,0.0
2024-07-04,31087,0.0,1.0,0.0,0.0,0.0,1.0,0.0,0.0,0.0,0.0
2024-07-05,32341,0.0,1.0,0.0,0.0,0.0,1.0,0.0,0.0,0.0,0.0
2024-07-06,33194,0.0,0.0,0.0,0.0,0.0,1.0,0.0,0.0,0.0,0.0
2024-07-07,30194,0.0,0.0,0.0,0.0,0.0,1.0,0.0,0.0,0.0,0.0
2024-07-08,30247,0.0,0.0,0.0,0.0,0.0,1.0,0.0,0.0,0.0,0.0
2024-07-09,30740,0.0,0.0,0.0,0.0,0.0,1.0,0.0,0.0,0.0,0.0
2024-07-10,30277,0.0,0.0,0.0,0.0,0.0,1.0,0.0,0.0,0.0,0.0
2024-07-11,30589,0.0,0.0,0.0,0.0,0.0,1.0,0.0,0.0,0.0,0.0
2024-07-12,31298,0.0,0.0,0.0,0.0,0.0,0.0,0.0,0.0,0.0,0.0
2024-07-13,30699,0.0,0.0,0.0,0.0,0.0,0.0,0.0,0.0,0.0,0.0
2024-07-14,30067,0.0,0.0,0.0,0.0,0.0,0.0,0.0,0.0,0.0,0.0
2024-07-15,29376,0.0,0.0,0.0,0.0,0.0,0.0,0.0,0.0,0.0,0.0
2024-07-16,30507,0.0,0.0,0.0,0.0,0.0,0.0,0.0,0.0,0.0,0.0
2024-07-17,30296,0.0,0.0,0.0,0.0,0.0,0.0,0.0,0.0,0.0,0.0
2024-07-18,29458,0.0,0.0,0.0,0.0,1.0,0.0,0.0,0.0,0.0,0.0
2024-07-19,29934,0.0,0.0,0.0,0.0,0.0,1.0,0.0,0.0,1.0,0.0
2024-07-20,30124,0.0,0.0,0.0,0.0,0.0,1.0,0.0,0.0,1.0,0.0
2024-07-21,28634,0.0,0.0,0.0,0.0,0.0,1.0,0.0,0.0,1.0,0.0
2024-07-22,31349,0.0,0.0,0.0,0.0,0.0,1.0,0.0,0.0,0.0,1.0
2024-07-23,31599,0.0,0.0,0.0,0.0,0.0,1.0,0.0,0.0,0.0,1.0
2024-07-24,30914,0.0,0.0,0.0,0.0,0.0,1.0,0.0,0.0,0.0,0.0
2024-07-25,31251,0.0,0.0,0.0,0.0,0.0,1.0,0.0,0.0,0.0,0.0
2024-07-26,31014,0.0,0.0,0.0,0.0,0.0,1.0,0.0,0.0,0.0,0.0
2024-07-27,30639,0.0,0.0,0.0,0.0,0.0,1.0,0.0,0.0,0.0,0.0
2024-07-28,28094,0.0,0.0,0.0,0.0,0.0,1.0,0.0,0.0,0.0,0.0
2024-07-29,29453,0.0,0.0,0.0,0.0,0.0,1.0,0.0,0.0,0.0,0.0
2024-07-30,30160,0.0,0.0,0.0,0.0,0.0,1.0,0.0,0.0,0.0,0.0
2024-07-31,28841,0.0,0.0,0.0,0.0,0.0,1.0,0.0,0.0,0.0,0.0
2024-08-01,30312,0.0,0.0,0.0,0.0,0.0,0.0,0.0,0.0,0.0,0.0
2024-08-02,29435,0.0,0.0,0.0,0.0,0.0,0.0,0.0,0.0,0.0,0.0
2024-08-03,28804,0.0,0.0,0.0,0.0,0.0,0.0,0.0,0.0,0.0,0.0
2024-08-04,26875,0.0,0.0,0.0,0.0,0.0,0.0,0.0,0.0,0.0,0.0
2024-08-05,28033,0.0,0.0,0.0,0.0,0.0,0.0,0.0,0.0,0.0,0.0
2024-08-06,27348,0.0,0.0,0.0,0.0,0.0,0.0,0.0,0.0,0.0,0.0
2024-08-07,26245,0.0,0.0,0.0,0.0,0.0,0.0,0.0,0.0,0.0,0.0
2024-08-08,25919,0.0,0.0,0.0,0.0,0.0,0.0,0.0,0.0,1.0,0.0
2024-08-09,25547,0.0,0.0,0.0,0.0,0.0,0.0,0.0,0.0,1.0,0.0
2024-08-10,24585,0.0,0.0,0.0,0.0,0.0,0.0,0.0,0.0,1.0,0.0
2024-08-11,25053,0.0,0.0,0.0,0.0,0.0,0.0,0.0,0.0,1.0,0.0
2024-08-12,25759,0.0,0.0,0.0,0.0,0.0,0.0,0.0,0.0,1.0,0.0
2024-08-13,26635,0.0,0.0,0.0,0.0,0.0,0.0,0.0,0.0,0.0,1.0
2024-08-14,26352,0.0,0.0,0.0,0.0,0.0,0.0,0.0,0.0,0.0,1.0
2024-08-15,26512,0.0,0.0,0.0,0.0,0.0,0.0,0.0,0.0,0.0,0.0
2024-08-16,26267,0.0,0.0,0.0,0.0,0.0,0.0,0.0,0.0,0.0,0.0
2024-08-17,26420,0.0,0.0,0.0,0.0,0.0,0.0,0.0,0.0,0.0,0.0
2024-08-18,25374,0.0,0.0,0.0,0.0,0.0,0.0,0.0,0.0,0.0,0.0
2024-08-19,26482,0.0,0.0,0.0,0.0,0.0,0.0,0.0,0.0,0.0,0.0
2024-08-20,22676,0.0,0.0,0.0,0.0,0.0,0.0,0.0,0.0,0.0,0.0
2024-08-21,23024,0.0,0.0,0.0,0.0,0.0,0.0,0.0,0.0,0.0,0.0
2024-08-22,23980,0.0,0.0,0.0,0.0,0.0,0.0,0.0,0.0,0.0,0.0
2024-08-23,24251,0.0,0.0,0.0,0.0,0.0,0.0,0.0,0.0,0.0,0.0
2024-08-24,23845,0.0,0.0,0.0,0.0,0.0,0.0,0.0,0.0,0.0,0.0
2024-08-25,22795,0.0,0.0,0.0,0.0,0.0,0.0,0.0,0.0,0.0,0.0
2024-08-26,23727,0.0,0.0,0.0,0.0,0.0,0.0,0.0,0.0,0.0,0.0
2024-08-27,23108,0.0,0.0,0.0,0.0,0.0,0.0,0.0,0.0,0.0,0.0
2024-08-28,20738,0.0,0.0,0.0,0.0,0.0,0.0,0.0,0.0,0.0,0.0
2024-08-29,24362,0.0,0.0,0.0,0.0,0.0,0.0,0.0,0.0,0.0,0.0
2024-08-30,24833,0.0,0.0,0.0,0.0,0.0,0.0,0.0,0.0,0.0,0.0
2024-08-31,24381,0.0,0.0,0.0,0.0,0.0,0.0,0.0,0.0,0.0,0.0
2024-09-01,22517,0.0,0.0,0.0,0.0,0.0,0.0,0.0,0.0,0.0,0.0
2024-09-02,25128,0.0,0.0,0.0,0.0,0.0,0.0,0.0,0.0,0.0,0.0
2024-09-03,24567,0.0,0.0,0.0,0.0,0.0,0.0,0.0,0.0,0.0,0.0
2024-09-04,24669,0.0,0.0,0.0,0.0,0.0,0.0,0.0,0.0,0.0,0.0
2024-09-05,25079,0.0,0.0,0.0,0.0,0.0,0.0,0.0,0.0,0.0,0.0
2024-09-06,25704,0.0,0.0,0.0,0.0,0.0,0.0,0.0,0.0,0.0,0.0
2024-09-07,25621,0.0,0.0,0.0,0.0,0.0,0.0,0.0,0.0,0.0,0.0
2024-09-08,23722,0.0,0.0,0.0,0.0,0.0,0.0,0.0,0.0,0.0,0.0
2024-09-09,25397,0.0,0.0,0.0,0.0,0.0,0.0,0.0,0.0,0.0,0.0
2024-09-10,24397,0.0,0.0,0.0,0.0,0.0,0.0,0.0,0.0,0.0,0.0
2024-09-11,24844,0.0,0.0,0.0,0.0,0.0,0.0,0.0,0.0,0.0,0.0
2024-09-12,25092,0.0,0.0,0.0,0.0,0.0,0.0,0.0,0.0,0.0,0.0
2024-09-13,24993,0.0,0.0,0.0,0.0,0.0,0.0,0.0,0.0,0.0,0.0
2024-09-14,24753,0.0,0.0,0.0,0.0,0.0,0.0,0.0,0.0,0.0,0.0
2024-09-15,23574,0.0,0.0,0.0,0.0,0.0,0.0,0.0,0.0,0.0,0.0
2024-09-16,22867,0.0,0.0,0.0,0.0,0.0,0.0,0.0,0.0,0.0,0.0
2024-09-17,25173,0.0,0.0,0.0,0.0,1.0,0.0,0.0,0.0,0.0,0.0
2024-09-18,26279,0.0,0.0,0.0,0.0,0.0,1.0,0.0,0.0,0.0,0.0
2024-09-19,26944,0.0,0.0,0.0,0.0,0.0,1.0,0.0,0.0,0.0,0.0
2024-09-20,27823,0.0,0.0,0.0,0.0,0.0,1.0,0.0,0.0,0.0,0.0
2024-09-21,27800,0.0,0.0,0.0,0.0,0.0,1.0,0.0,0.0,0.0,0.0
2024-09-22,27776,0.0,0.0,0.0,0.0,0.0,1.0,0.0,0.0,0.0,0.0
2024-09-23,26492,0.0,0.0,0.0,0.0,0.0,1.0,0.0,0.0,0.0,0.0
2024-09-24,54280,1.0,0.0,0.0,0.0,0.0,1.0,0.0,0.0,0.0,0.0
2024-09-25,40700,1.0,0.0,0.0,0.0,0.0,1.0,0.0,0.0,0.0,0.0
2024-09-26,37978,1.0,0.0,0.0,0.0,0.0,1.0,0.0,0.0,0.0,0.0
2024-09-27,36194,0.0,1.0,0.0,0.0,0.0,1.0,0.0,0.0,0.0,0.0
2024-09-28,35322,0.0,1.0,0.0,0.0,0.0,1.0,0.0,0.0,0.0,0.0
2024-09-29,33063,0.0,1.0,0.0,0.0,0.0,1.0,0.0,0.0,0.0,0.0
2024-09-30,31691,0.0,1.0,0.0,0.0,0.0,0.0,0.0,0.0,0.0,0.0
2024-10-01,31240,0.0,1.0,0.0,0.0,0.0,0.0,0.0,0.0,0.0,0.0
2024-10-02,31725,0.0,1.0,0.0,0.0,0.0,0.0,0.0,0.0,0.0,0.0
2024-10-03,31255,0.0,1.0,0.0,0.0,0.0,0.0,0.0,0.0,0.0,0.0
2024-10-04,31892,0.0,0.0,0.0,0.0,0.0,0.0,0.0,0.0,0.0,0.0
2024-10-05,31721,0.0,0.0,0.0,0.0,0.0,0.0,0.0,0.0,0.0,0.0
2024-10-06,29016,0.0,0.0,0.0,0.0,0.0,0.0,0.0,0.0,0.0,0.0
2024-10-07,30279,0.0,0.0,0.0,0.0,0.0,0.0,0.0,0.0,0.0,0.0
2024-10-08,29934,0.0,0.0,0.0,0.0,0.0,0.0,0.0,0.0,0.0,0.0
2024-10-09,29879,0.0,0.0,0.0,0.0,0.0,0.0,0.0,0.0,0.0,0.0
2024-10-10,28993,0.0,0.0,0.0,0.0,0.0,0.0,0.0,0.0,0.0,0.0
2024-10-11,29131,0.0,0.0,0.0,0.0,0.0,0.0,0.0,0.0,0.0,0.0
2024-10-12,28289,0.0,0.0,0.0,0.0,0.0,0.0,0.0,0.0,0.0,0.0
2024-10-13,26468,0.0,0.0,0.0,0.0,0.0,0.0,0.0,0.0,0.0,0.0
2024-10-14,25465,0.0,0.0,0.0,0.0,0.0,0.0,0.0,0.0,0.0,0.0
2024-10-15,26973,0.0,0.0,0.0,0.0,0.0,0.0,0.0,0.0,0.0,0.0
2024-10-16,27264,0.0,0.0,0.0,0.0,0.0,0.0,0.0,0.0,0.0,0.0
2024-10-17,26617,0.0,0.0,0.0,0.0,0.0,0.0,0.0,0.0,0.0,0.0
2024-10-18,27731,0.0,0.0,0.0,0.0,0.0,0.0,0.0,0.0,0.0,0.0
2024-10-19,27149,0.0,0.0,0.0,0.0,0.0,0.0,0.0,0.0,0.0,0.0
2024-10-20,25730,0.0,0.0,0.0,0.0,0.0,0.0,0.0,0.0,0.0,0.0
2024-10-21,28112,0.0,0.0,0.0,0.0,0.0,0.0,0.0,0.0,0.0,0.0
2024-10-22,28099,0.0,0.0,0.0,0.0,0.0,0.0,0.0,0.0,0.0,0.0
2024-10-23,27864,0.0,0.0,0.0,0.0,0.0,0.0,0.0,0.0,0.0,0.0
2024-10-24,27609,0.0,0.0,0.0,0.0,0.0,0.0,0.0,0.0,0.0,0.0
2024-10-25,27684,0.0,0.0,0.0,0.0,0.0,0.0,0.0,0.0,0.0,0.0
2024-10-26,26516,0.0,0.0,0.0,0.0,0.0,0.0,0.0,0.0,0.0,0.0
2024-10-27,24495,0.0,0.0,0.0,0.0,0.0,0.0,0.0,0.0,0.0,0.0
2024-10-28,26441,0.0,0.0,0.0,0.0,0.0,0.0,0.0,0.0,0.0,0.0
2024-10-29,25801,0.0,0.0,0.0,0.0,0.0,0.0,0.0,0.0,0.0,0.0
2024-10-30,26399,0.0,0.0,0.0,0.0,1.0,0.0,0.0,0.0,0.0,0.0
2024-10-31,25901,0.0,0.0,0.0,0.0,0.0,1.0,0.0,0.0,0.0,0.0
2024-11-01,25242,0.0,0.0,0.0,0.0,0.0,1.0,0.0,0.0,0.0,0.0
2024-11-02,26850,0.0,0.0,0.0,0.0,0.0,1.0,0.0,0.0,0.0,0.0
2024-11-03,26357,0.0,0.0,0.0,0.0,0.0,1.0,0.0,0.0,0.0,0.0
2024-11-04,28016,0.0,0.0,0.0,0.0,0.0,1.0,0.0,0.0,0.0,0.0
2024-11-05,29607,0.0,0.0,0.0,0.0,0.0,1.0,0.0,0.0,0.0,0.0
2024-11-06,28577,0.0,0.0,0.0,0.0,0.0,1.0,0.0,0.0,0.0,0.0
2024-11-07,28834,0.0,0.0,0.0,0.0,0.0,1.0,0.0,0.0,0.0,0.0
2024-11-08,28373,0.0,0.0,0.0,0.0,0.0,1.0,0.0,0.0,0.0,0.0
2024-11-09,29661,0.0,0.0,0.0,0.0,0.0,1.0,0.0,0.0,0.0,0.0
2024-11-10,28200,0.0,0.0,0.0,0.0,0.0,1.0,0.0,0.0,0.0,0.0
2024-11-11,28978,0.0,0.0,0.0,0.0,0.0,1.0,0.0,0.0,0.0,0.0
2024-11-12,29685,0.0,0.0,0.0,0.0,0.0,1.0,0.0,0.0,0.0,0.0
2024-11-13,29021,0.0,0.0,0.0,0.0,0.0,0.0,0.0,0.0,0.0,0.0
2024-11-14,28412,0.0,0.0,0.0,0.0,0.0,0.0,0.0,0.0,0.0,0.0
2024-11-15,29297,0.0,0.0,0.0,0.0,0.0,0.0,0.0,0.0,0.0,0.0
2024-11-16,28082,0.0,0.0,0.0,0.0,0.0,0.0,0.0,0.0,0.0,0.0
2024-11-17,26557,0.0,0.0,0.0,0.0,0.0,0.0,0.0,0.0,0.0,0.0
2024-11-18,26926,0.0,0.0,0.0,0.0,0.0,0.0,0.0,0.0,0.0,0.0
2024-11-19,27152,0.0,0.0,0.0,0.0,0.0,0.0,0.0,0.0,0.0,0.0
2024-11-20,27802,0.0,0.0,0.0,0.0,0.0,0.0,0.0,0.0,0.0,0.0
2024-11-21,27623,0.0,0.0,0.0,0.0,0.0,0.0,0.0,0.0,0.0,0.0
2024-11-22,27716,0.0,0.0,0.0,0.0,0.0,0.0,0.0,0.0,0.0,0.0
2024-11-23,26365,0.0,0.0,0.0,0.0,0.0,0.0,0.0,0.0,0.0,0.0
2024-11-24,25067,0.0,0.0,0.0,0.0,0.0,0.0,0.0,0.0,0.0,0.0
2024-11-25,25524,0.0,0.0,0.0,0.0,0.0,0.0,0.0,0.0,0.0,0.0
2024-11-26,26792,0.0,0.0,0.0,0.0,0.0,0.0,0.0,0.0,0.0,0.0
2024-11-27,26268,0.0,0.0,0.0,0.0,0.0,0.0,0.0,0.0,0.0,0.0
2024-11-28,27504,0.0,0.0,0.0,0.0,1.0,0.0,0.0,0.0,0.0,0.0
2024-11-29,28370,0.0,0.0,0.0,0.0,0.0,1.0,0.0,0.0,0.0,0.0
2024-11-30,28485,0.0,0.0,0.0,0.0,0.0,1.0,0.0,0.0,0.0,0.0
2024-12-01,25944,0.0,0.0,0.0,0.0,0.0,1.0,0.0,0.0,0.0,0.0
2024-12-02,40444,0.0,0.0,1.0,0.0,0.0,1.0,0.0,0.0,0.0,0.0
2024-12-03,35637,0.0,0.0,1.0,0.0,0.0,1.0,0.0,0.0,0.0,0.0
2024-12-04,33750,0.0,0.0,0.0,1.0,0.0,1.0,0.0,0.0,0.0,0.0
2024-12-05,32557,0.0,0.0,0.0,1.0,0.0,0.0,0.0,0.0,0.0,0.0
2024-12-06,31084,0.0,0.0,0.0,0.0,0.0,0.0,0.0,0.0,0.0,0.0
2024-12-07,31325,0.0,0.0,0.0,0.0,0.0,0.0,0.0,0.0,0.0,0.0
2024-12-08,28273,0.0,0.0,0.0,0.0,0.0,0.0,0.0,0.0,0.0,0.0
2024-12-09,28623,0.0,0.0,0.0,0.0,0.0,0.0,0.0,0.0,0.0,0.0
2024-12-10,28597,0.0,0.0,0.0,0.0,0.0,0.0,0.0,0.0,0.0,0.0
2024-12-11,27977,0.0,0.0,0.0,0.0,0.0,0.0,0.0,0.0,0.0,0.0
2024-12-12,26907,0.0,0.0,0.0,0.0,0.0,0.0,0.0,0.0,0.0,0.0
2024-12-13,27987,0.0,0.0,0.0,0.0,1.0,0.0,0.0,0.0,0.0,0.0
2024-12-14,27195,0.0,0.0,0.0,0.0,0.0,1.0,0.0,0.0,0.0,0.0
2024-12-15,24777,0.0,0.0,0.0,0.0,0.0,1.0,0.0,0.0,0.0,0.0
2024-12-16,27870,0.0,0.0,0.0,0.0,0.0,1.0,0.0,0.0,0.0,0.0
2024-12-17,27418,0.0,0.0,0.0,0.0,0.0,1.0,0.0,0.0,0.0,0.0
2024-12-18,25976,0.0,0.0,0.0,0.0,0.0,1.0,0.0,0.0,0.0,0.0
2024-12-19,26568,0.0,0.0,0.0,0.0,0.0,1.0,0.0,0.0,0.0,0.0
2024-12-20,26157,0.0,0.0,0.0,0.0,0.0,1.0,0.0,0.0,0.0,0.0
2024-12-21,26335,0.0,0.0,0.0,0.0,0.0,1.0,0.0,0.0,0.0,0.0
2024-12-22,24427,0.0,0.0,0.0,0.0,0.0,1.0,0.0,0.0,0.0,0.0
2024-12-23,25729,0.0,0.0,0.0,0.0,0.0,1.0,0.0,0.0,0.0,0.0
2024-12-24,25436,0.0,0.0,0.0,0.0,0.0,1.0,0.0,0.0,0.0,0.0
2024-12-25,25023,0.0,0.0,0.0,0.0,0.0,1.0,0.0,0.0,0.0,0.0
2024-12-26,26266,0.0,0.0,0.0,0.0,0.0,1.0,0.0,0.0,0.0,0.0
2024-12-27,25427,0.0,0.0,0.0,0.0,0.0,1.0,0.0,0.0,0.0,0.0
2024-12-28,24526,0.0,0.0,0.0,0.0,0.0,1.0,0.0,0.0,0.0,0.0
2024-12-29,23635,0.0,0.0,0.0,0.0,0.0,1.0,0.0,0.0,0.0,0.0
2024-12-30,23407,0.0,0.0,0.0,0.0,0.0,1.0,0.0,0.0,0.0,0.0
2024-12-31,20732,0.0,0.0,0.0,0.0,0.0,1.0,0.0,0.0,0.0,0.0
2025-01-01,21521,0.0,0.0,0.0,0.0,0.0,1.0,0.0,0.0,0.0,0.0
2025-01-02,22382,0.0,0.0,0.0,0.0,0.0,1.0,0.0,0.0,0.0,0.0
2025-01-03,23641,0.0,0.0,0.0,0.0,0.0,0.0,0.0,0.0,0.0,0.0
2025-01-04,24596,0.0,0.0,0.0,0.0,0.0,0.0,0.0,0.0,0.0,0.0
2025-01-05,23264,0.0,0.0,0.0,0.0,0.0,0.0,0.0,0.0,0.0,0.0
2025-01-06,25286,0.0,0.0,0.0,0.0,0.0,0.0,0.0,0.0,0.0,0.0
2025-01-07,25143,0.0,0.0,0.0,0.0,0.0,0.0,0.0,0.0,0.0,0.0
2025-01-08,25749,0.0,0.0,0.0,0.0,0.0,0.0,0.0,0.0,0.0,0.0
2025-01-09,24991,0.0,0.0,0.0,0.0,0.0,0.0,0.0,0.0,0.0,0.0
2025-01-10,25491,0.0,0.0,0.0,0.0,0.0,0.0,0.0,0.0,0.0,0.0
2025-01-11,25963,0.0,0.0,0.0,0.0,0.0,0.0,0.0,0.0,0.0,0.0
2025-01-12,24293,0.0,0.0,0.0,0.0,0.0,0.0,0.0,0.0,0.0,0.0
2025-01-13,23553,0.0,0.0,0.0,0.0,0.0,0.0,0.0,0.0,0.0,0.0
2025-01-14,26910,0.0,0.0,0.0,0.0,0.0,0.0,0.0,0.0,0.0,0.0
2025-01-15,26529,0.0,0.0,0.0,0.0,0.0,0.0,0.0,0.0,0.0,0.0
2025-01-16,26062,0.0,0.0,0.0,0.0,0.0,0.0,0.0,0.0,0.0,0.0
2025-01-17,26258,0.0,0.0,0.0,0.0,0.0,0.0,0.0,0.0,0.0,0.0
2025-01-18,26574,0.0,0.0,0.0,0.0,0.0,0.0,0.0,0.0,0.0,0.0
2025-01-19,24955,0.0,0.0,0.0,0.0,0.0,0.0,0.0,0.0,0.0,0.0
2025-01-20,26309,0.0,0.0,0.0,0.0,0.0,0.0,0.0,0.0,0.0,0.0
2025-01-21,26613,0.0,0.0,0.0,0.0,0.0,0.0,0.0,0.0,0.0,0.0
2025-01-22,26352,0.0,0.0,0.0,0.0,0.0,0.0,0.0,0.0,0.0,0.0
2025-01-23,26649,0.0,0.0,0.0,0.0,0.0,0.0,0.0,0.0,0.0,0.0
2025-01-24,27390,0.0,0.0,0.0,0.0,0.0,0.0,0.0,0.0,0.0,0.0
2025-01-25,26676,0.0,0.0,0.0,0.0,0.0,0.0,0.0,0.0,0.0,0.0
2025-01-26,25480,0.0,0.0,0.0,0.0,0.0,0.0,0.0,0.0,0.0,0.0
2025-01-27,25864,0.0,0.0,0.0,0.0,0.0,0.0,0.0,0.0,0.0,0.0
2025-01-28,26213,0.0,0.0,0.0,0.0,1.0,0.0,0.0,0.0,0.0,0.0
2025-01-29,26332,0.0,0.0,0.0,0.0,0.0,1.0,0.0,0.0,0.0,0.0
2025-01-30,27183,0.0,0.0,0.0,0.0,0.0,1.0,0.0,0.0,0.0,0.0
2025-01-31,27650,0.0,0.0,0.0,0.0,0.0,1.0,0.0,0.0,0.0,0.0
2025-02-01,27987,0.0,0.0,0.0,0.0,0.0,1.0,0.0,0.0,0.0,0.0
2025-02-02,26853,0.0,0.0,0.0,0.0,0.0,1.0,0.0,0.0,0.0,0.0
2025-02-03,27956,0.0,0.0,0.0,0.0,0.0,1.0,0.0,0.0,0.0,0.0
2025-02-04,28964,0.0,0.0,0.0,0.0,0.0,1.0,0.0,0.0,0.0,0.0
2025-02-05,63218,1.0,0.0,0.0,0.0,0.0,1.0,0.0,0.0,0.0,0.0
2025-02-06,47224,1.0,0.0,0.0,0.0,0.0,1.0,0.0,0.0,0.0,0.0
2025-02-07,40602,1.0,0.0,0.0,0.0,0.0,1.0,0.0,0.0,0.0,0.0
2025-02-08,39083,0.0,1.0,0.0,0.0,0.0,1.0,0.0,0.0,0.0,0.0
2025-02-09,36590,0.0,1.0,0.0,0.0,0.0,1.0,0.0,0.0,0.0,0.0
2025-02-10,38242,0.0,1.0,0.0,0.0,0.0,1.0,0.0,0.0,0.0,0.0
2025-02-11,35109,0.0,1.0,0.0,0.0,0.0,0.0,0.0,0.0,0.0,0.0
2025-02-12,35326,0.0,1.0,0.0,0.0,0.0,0.0,0.0,0.0,0.0,0.0
2025-02-13,33704,0.0,1.0,0.0,0.0,0.0,0.0,0.0,0.0,0.0,0.0
2025-02-14,33944,0.0,1.0,0.0,0.0,0.0,0.0,0.0,0.0,0.0,0.0
2025-02-15,33804,0.0,0.0,0.0,0.0,0.0,0.0,0.0,0.0,0.0,0.0
2025-02-16,31944,0.0,0.0,0.0,0.0,0.0,0.0,0.0,0.0,0.0,0.0
2025-02-17,33264,0.0,0.0,0.0,0.0,0.0,0.0,0.0,0.0,0.0,0.0
2025-02-18,34264,0.0,0.0,0.0,0.0,0.0,0.0,0.0,0.0,0.0,0.0
2025-02-19,32529,0.0,0.0,0.0,0.0,0.0,0.0,0.0,0.0,0.0,0.0
2025-02-20,30897,0.0,0.0,0.0,0.0,0.0,0.0,0.0,0.0,0.0,0.0
2025-02-21,30986,0.0,0.0,0.0,0.0,0.0,0.0,0.0,0.0,0.0,0.0
2025-02-22,30803,0.0,0.0,0.0,0.0,0.0,0.0,0.0,0.0,0.0,0.0
2025-02-23,30887,0.0,0.0,0.0,0.0,0.0,0.0,0.0,0.0,0.0,0.0
2025-02-24,28833,0.0,0.0,0.0,0.0,0.0,0.0,0.0,0.0,0.0,0.0
2025-02-25,29764,0.0,0.0,0.0,0.0,0.0,0.0,0.0,0.0,0.0,0.0
2025-02-26,28508,0.0,0.0,0.0,0.0,0.0,0.0,0.0,0.0,0.0,0.0
2025-02-27,28627,0.0,0.0,0.0,0.0,0.0,0.0,0.0,0.0,0.0,0.0
2025-02-28,20204,0.0,0.0,0.0,0.0,0.0,0.0,0.0,0.0,0.0,0.0
2025-03-01,20226,0.0,0.0,0.0,0.0,0.0,0.0,0.0,0.0,0.0,0.0
2025-03-02,19020,0.0,0.0,0.0,0.0,0.0,0.0,0.0,0.0,0.0,0.0
2025-03-03,19752,0.0,0.0,0.0,0.0,0.0,0.0,0.0,0.0,0.0,0.0
2025-03-04,20115,0.0,0.0,0.0,0.0,0.0,0.0,0.0,0.0,0.0,0.0
2025-03-05,20746,0.0,0.0,0.0,0.0,0.0,0.0,0.0,0.0,0.0,0.0
2025-03-06,21502,0.0,0.0,0.0,0.0,0.0,0.0,0.0,0.0,0.0,0.0
2025-03-07,22516,0.0,0.0,0.0,0.0,0.0,0.0,0.0,0.0,0.0,0.0
2025-03-08,25609,0.0,0.0,0.0,0.0,0.0,0.0,0.0,0.0,0.0,0.0
2025-03-09,25543,0.0,0.0,0.0,0.0,0.0,0.0,0.0,0.0,0.0,0.0
2025-03-10,27892,0.0,0.0,0.0,0.0,0.0,0.0,0.0,0.0,0.0,0.0
2025-03-11,28583,0.0,0.0,0.0,0.0,0.0,0.0,0.0,0.0,1.0,0.0
2025-03-12,28150,0.0,0.0,0.0,0.0,0.0,0.0,0.0,0.0,1.0,0.0
2025-03-13,30099,0.0,0.0,0.0,0.0,1.0,0.0,0.0,0.0,1.0,0.0
2025-03-14,30825,0.0,0.0,0.0,0.0,0.0,1.0,0.0,0.0,1.0,0.0
2025-03-15,30917,0.0,0.0,0.0,0.0,0.0,1.0,0.0,0.0,1.0,0.0
2025-03-16,30593,0.0,0.0,0.0,0.0,0.0,1.0,0.0,0.0,0.0,1.0
2025-03-17,31330,0.0,0.0,0.0,0.0,0.0,1.0,0.0,0.0,0.0,1.0
2025-03-18,32116,0.0,0.0,0.0,0.0,0.0,1.0,0.0,0.0,0.0,0.0
2025-03-19,31905,0.0,0.0,0.0,0.0,0.0,1.0,0.0,0.0,0.0,0.0
2025-03-20,30721,0.0,0.0,0.0,0.0,0.0,1.0,0.0,0.0,0.0,0.0
2025-03-21,31579,0.0,0.0,0.0,0.0,0.0,1.0,0.0,0.0,0.0,0.0
2025-03-22,31573,0.0,0.0,0.0,0.0,0.0,1.0,0.0,0.0,0.0,0.0
2025-03-23,30832,0.0,0.0,0.0,0.0,0.0,1.0,0.0,0.0,0.0,0.0
2025-03-24,33077,0.0,0.0,0.0,0.0,0.0,1.0,0.0,0.0,0.0,0.0
2025-03-25,33531,0.0,0.0,0.0,0.0,0.0,0.0,0.0,0.0,0.0,0.0
2025-03-26,31829,0.0,0.0,0.0,0.0,0.0,0.0,0.0,0.0,0.0,0.0
2025-03-27,31565,0.0,0.0,0.0,0.0,0.0,0.0,0.0,0.0,0.0,0.0
2025-03-28,32010,0.0,0.0,0.0,0.0,0.0,0.0,0.0,0.0,0.0,0.0
2025-03-29,31566,0.0,0.0,0.0,0.0,0.0,0.0,0.0,0.0,0.0,0.0
2025-03-30,30609,0.0,0.0,0.0,0.0,0.0,0.0,0.0,0.0,0.0,0.0
2025-03-31,32565,0.0,0.0,0.0,0.0,0.0,0.0,0.0,0.0,0.0,0.0
2025-04-01,34673,0.0,0.0,0.0,0.0,0.0,0.0,0.0,0.0,0.0,0.0
2025-04-02,32813,0.0,0.0,0.0,0.0,0.0,0.0,0.0,0.0,0.0,0.0
2025-04-03,34838,0.0,0.0,0.0,0.0,0.0,0.0,0.0,0.0,0.0,0.0
2025-04-04,30010,0.0,0.0,0.0,0.0,0.0,0.0,0.0,0.0,0.0,0.0
2025-04-05,29145,0.0,0.0,0.0,0.0,0.0,0.0,0.0,0.0,0.0,0.0
2025-04-06,28850,0.0,0.0,0.0,0.0,0.0,0.0,0.0,0.0,0.0,0.0
2025-04-07,32780,0.0,0.0,0.0,0.0,0.0,0.0,0.0,0.0,0.0,0.0
2025-04-08,33796,0.0,0.0,0.0,0.0,0.0,0.0,0.0,0.0,0.0,0.0
2025-04-09,33278,0.0,0.0,0.0,0.0,0.0,0.0,0.0,0.0,0.0,0.0
2025-04-10,33460,0.0,0.0,0.0,0.0,0.0,0.0,0.0,0.0,0.0,0.0
2025-04-11,35921,0.0,0.0,0.0,0.0,0.0,0.0,0.0,0.0,0.0,0.0
2025-04-12,35286,0.0,0.0,0.0,0.0,0.0,0.0,0.0,0.0,0.0,0.0
2025-04-13,32491,0.0,0.0,0.0,0.0,0.0,0.0,0.0,0.0,0.0,0.0
2025-04-14,34007,0.0,0.0,0.0,0.0,0.0,0.0,0.0,0.0,0.0,0.0
2025-04-15,34094,0.0,0.0,0.0,0.0,0.0,0.0,0.0,0.0,0.0,0.0
2025-04-16,33786,0.0,0.0,0.0,0.0,0.0,0.0,0.0,0.0,0.0,0.0
2025-04-17,33877,0.0,0.0,0.0,0.0,0.0,0.0,0.0,0.0,0.0,0.0
2025-04-18,34515,0.0,0.0,0.0,0.0,0.0,0.0,0.0,0.0,0.0,0.0
2025-04-19,33596,0.0,0.0,0.0,0.0,0.0,0.0,0.0,0.0,0.0,0.0
2025-04-20,30449,0.0,0.0,0.0,0.0,0.0,0.0,0.0,0.0,0.0,0.0
2025-04-21,32065,0.0,0.0,0.0,0.0,0.0,0.0,0.0,0.0,0.0,0.0
2025-04-22,31568,0.0,0.0,0.0,0.0,0.0,0.0,0.0,0.0,0.0,0.0
2025-04-23,30569,0.0,0.0,0.0,0.0,0.0,0.0,0.0,0.0,0.0,0.0
2025-04-24,30387,0.0,0.0,0.0,0.0,0.0,0.0,0.0,0.0,0.0,0.0
2025-04-25,31787,0.0,0.0,0.0,0.0,0.0,0.0,0.0,0.0,0.0,0.0
2025-04-26,30992,0.0,0.0,0.0,0.0,0.0,0.0,0.0,0.0,0.0,0.0
2025-04-27,29874,0.0,0.0,0.0,0.0,0.0,0.0,0.0,0.0,0.0,0.0
2025-04-28,30914,0.0,0.0,0.0,0.0,0.0,0.0,0.0,0.0,0.0,0.0
2025-04-29,29470,0.0,0.0,0.0,0.0,0.0,0.0,0.0,0.0,0.0,0.0
2025-04-30,28182,0.0,0.0,0.0,0.0,0.0,0.0,0.0,0.0,0.0,0.0
2025-05-01,28698,0.0,0.0,0.0,0.0,0.0,0.0,0.0,0.0,0.0,0.0
2025-05-02,28207,0.0,0.0,0.0,0.0,0.0,0.0,0.0,0.0,0.0,0.0
2025-05-03,26858,0.0,0.0,0.0,0.0,0.0,0.0,0.0,0.0,0.0,0.0
2025-05-04,27514,0.0,0.0,0.0,0.0,0.0,0.0,0.0,0.0,0.0,0.0
2025-05-05,27814,0.0,0.0,0.0,0.0,0.0,0.0,0.0,0.0,0.0,0.0
2025-05-06,28195,0.0,0.0,0.0,0.0,0.0,0.0,0.0,0.0,0.0,0.0
2025-05-07,30427,0.0,0.0,0.0,0.0,0.0,0.0,0.0,0.0,0.0,0.0
2025-05-08,30854,0.0,0.0,0.0,0.0,0.0,0.0,0.0,0.0,0.0,0.0
2025-05-09,31280,0.0,0.0,0.0,0.0,0.0,0.0,0.0,0.0,1.0,0.0
2025-05-10,32689,0.0,0.0,0.0,0.0,0.0,0.0,0.0,0.0,1.0,0.0
2025-05-11,30600,0.0,0.0,0.0,0.0,0.0,0.0,0.0,0.0,1.0,0.0
2025-05-12,32169,0.0,0.0,0.0,0.0,0.0,0.0,0.0,0.0,0.0,1.0
2025-05-13,32870,0.0,0.0,0.0,0.0,0.0,0.0,0.0,0.0,0.0,1.0
2025-05-14,32087,0.0,0.0,0.0,0.0,0.0,0.0,0.0,0.0,0.0,0.0
2025-05-15,32437,0.0,0.0,0.0,0.0,0.0,0.0,0.0,0.0,0.0,0.0
2025-05-16,33712,0.0,0.0,0.0,0.0,0.0,0.0,0.0,0.0,0.0,0.0
2025-05-17,31943,0.0,0.0,0.0,0.0,0.0,0.0,0.0,0.0,0.0,0.0
2025-05-18,30990,0.0,0.0,0.0,0.0,0.0,0.0,0.0,0.0,0.0,0.0
2025-05-19,32274,0.0,0.0,0.0,0.0,0.0,0.0,0.0,0.0,0.0,0.0
2025-05-20,32424,0.0,0.0,0.0,0.0,0.0,0.0,0.0,0.0,0.0,0.0
2025-05-21,31774,0.0,0.0,0.0,0.0,0.0,0.0,0.0,0.0,0.0,0.0
2025-05-22,32170,0.0,0.0,0.0,0.0,0.0,0.0,0.0,0.0,0.0,0.0
2025-05-23,33028,0.0,0.0,0.0,0.0,0.0,0.0,0.0,0.0,0.0,0.0
2025-05-24,33028,0.0,0.0,0.0,0.0,0.0,0.0,0.0,0.0,0.0,0.0
2025-05-25,29853,0.0,0.0,0.0,0.0,0.0,0.0,0.0,0.0,0.0,0.0
2025-05-26,31536,0.0,0.0,0.0,0.0,0.0,0.0,0.0,0.0,0.0,0.0
2025-05-27,31564,0.0,0.0,0.0,0.0,0.0,0.0,0.0,0.0,0.0,0.0
2025-05-28,29736,0.0,0.0,0.0,0.0,0.0,0.0,0.0,0.0,0.0,0.0
2025-05-29,30405,0.0,0.0,0.0,0.0,0.0,0.0,0.0,0.0,0.0,0.0
2025-05-30,29307,0.0,0.0,0.0,0.0,0.0,0.0,0.0,0.0,0.0,0.0
2025-05-31,28938,0.0,0.0,0.0,0.0,0.0,0.0,0.0,0.0,0.0,0.0
2025-06-01,26600,0.0,0.0,0.0,0.0,0.0,0.0,0.0,0.0,0.0,0.0
2025-06-02,27776,0.0,0.0,0.0,0.0,0.0,0.0,0.0,0.0,0.0,0.0
2025-06-03,28948,0.0,0.0,0.0,0.0,0.0,0.0,0.0,0.0,0.0,0.0
2025-06-04,53874,1.0,0.0,0.0,0.0,0.0,0.0,0.0,0.0,0.0,0.0
2025-06-05,47299,1.0,0.0,0.0,0.0,0.0,0.0,0.0,0.0,0.0,0.0
2025-06-06,43920,1.0,0.0,0.0,0.0,0.0,0.0,0.0,0.0,0.0,0.0
2025-06-07,44052,0.0,1.0,0.0,0.0,0.0,0.0,0.0,0.0,0.0,0.0
2025-06-08,40374,0.0,1.0,0.0,0.0,0.0,0.0,0.0,0.0,0.0,0.0
2025-06-09,40244,0.0,1.0,0.0,0.0,0.0,0.0,0.0,0.0,0.0,0.0
2025-06-10,40199,0.0,1.0,0.0,0.0,0.0,0.0,0.0,0.0,0.0,0.0
2025-06-11,38643,0.0,1.0,0.0,0.0,0.0,0.0,0.0,0.0,0.0,0.0
2025-06-12,36479,0.0,1.0,0.0,0.0,0.0,0.0,0.0,0.0,0.0,0.0
2025-06-13,36354,0.0,1.0,0.0,0.0,0.0,0.0,0.0,0.0,0.0,0.0
2025-06-14,35549,0.0,0.0,0.0,0.0,0.0,0.0,0.0,0.0,0.0,0.0
2025-06-15,33005,0.0,0.0,0.0,0.0,0.0,0.0,0.0,0.0,0.0,0.0
2025-06-16,33787,0.0,0.0,0.0,0.0,0.0,0.0,0.0,0.0,0.0,0.0
2025-06-17,31730,0.0,0.0,0.0,0.0,0.0,0.0,0.0,0.0,0.0,0.0
2025-06-18,30327,0.0,0.0,0.0,0.0,0.0,0.0,0.0,0.0,0.0,0.0
2025-06-19,30302,0.0,0.0,0.0,0.0,0.0,0.0,0.0,0.0,0.0,0.0
2025-06-20,30820,0.0,0.0,0.0,0.0,0.0,0.0,0.0,0.0,0.0,0.0
2025-06-21,30828,0.0,0.0,0.0,0.0,0.0,0.0,0.0,0.0,0.0,0.0
2025-06-22,28194,0.0,0.0,0.0,0.0,0.0,0.0,0.0,0.0,0.0,0.0
2025-06-23,28361,0.0,0.0,0.0,0.0,0.0,0.0,0.0,0.0,0.0,0.0
2025-06-24,28985,0.0,0.0,0.0,0.0,0.0,0.0,0.0,0.0,0.0,0.0
2025-06-25,27537,0.0,0.0,0.0,0.0,0.0,0.0,0.0,0.0,0.0,0.0
2025-06-26,27319,0.0,0.0,0.0,0.0,0.0,0.0,0.0,0.0,0.0,0.0
2025-06-27,29376,0.0,0.0,0.0,0.0,0.0,0.0,0.0,0.0,0.0,0.0
2025-06-28,29285,0.0,0.0,0.0,0.0,0.0,0.0,0.0,0.0,0.0,0.0
2025-06-29,27441,0.0,0.0,0.0,0.0,0.0,0.0,0.0,0.0,0.0,0.0
2025-06-30,27916,0.0,0.0,0.0,0.0,0.0,0.0,0.0,0.0,0.0,0.0
2025-07-01,29087,0.0,0.0,0.0,0.0,0.0,0.0,0.0,0.0,0.0,0.0
2025-07-02,28371,0.0,0.0,0.0,0.0,0.0,0.0,0.0,0.0,0.0,0.0
2025-07-03,28513,0.0,0.0,0.0,0.0,0.0,0.0,0.0,0.0,0.0,0.0
2025-07-04,31470,0.0,0.0,0.0,0.0,0.0,0.0,0.0,0.0,0.0,0.0
2025-07-05,29526,0.0,0.0,0.0,0.0,0.0,0.0,0.0,0.0,0.0,0.0
2025-07-06,28002,0.0,0.0,0.0,0.0,0.0,0.0,0.0,0.0,0.0,0.0
2025-07-07,28651,0.0,0.0,0.0,0.0,0.0,0.0,0.0,0.0,0.0,0.0
2025-07-08,29050,0.0,0.0,0.0,0.0,0.0,0.0,0.0,0.0,0.0,0.0
2025-07-09,29252,0.0,0.0,0.0,0.0,0.0,0.0,0.0,0.0,0.0,0.0
2025-07-10,28189,0.0,0.0,0.0,0.0,0.0,0.0,0.0,0.0,0.0,0.0
2025-07-11,27869,0.0,0.0,0.0,0.0,0.0,0.0,0.0,0.0,0.0,0.0
2025-07-12,28568,0.0,0.0,0.0,0.0,0.0,0.0,0.0,0.0,0.0,0.0
2025-07-13,26796,0.0,0.0,0.0,0.0,0.0,0.0,0.0,0.0,0.0,0.0
2025-07-14,28179,0.0,0.0,0.0,0.0,0.0,0.0,0.0,0.0,0.0,0.0
2025-07-15,28396,0.0,0.0,0.0,0.0,0.0,0.0,0.0,0.0,0.0,0.0
2025-07-16,28847,0.0,0.0,0.0,0.0,0.0,0.0,0.0,0.0,0.0,0.0
2025-07-17,26287,0.0,0.0,0.0,0.0,0.0,0.0,0.0,0.0,0.0,0.0
2025-07-18,27531,0.0,0.0,0.0,0.0,0.0,0.0,0.0,0.0,0.0,0.0
2025-07-19,27396,0.0,0.0,0.0,0.0,0.0,0.0,0.0,0.0,0.0,0.0
2025-07-20,26798,0.0,0.0,0.0,0.0,0.0,0.0,0.0,0.0,0.0,0.0
2025-07-21,25376,0.0,0.0,0.0,0.0,0.0,0.0,0.0,0.0,0.0,0.0
2025-07-22,27257,0.0,0.0,0.0,0.0,0.0,0.0,0.0,0.0,0.0,0.0
2025-07-23,26925,0.0,0.0,0.0,0.0,0.0,0.0,0.0,0.0,0.0,0.0
2025-07-24,25824,0.0,0.0,0.0,0.0,0.0,0.0,0.0,0.0,0.0,0.0
2025-07-25,26355,0.0,0.0,0.0,0.0,0.0,0.0,0.0,0.0,0.0,0.0
2025-07-26,26740,0.0,0.0,0.0,0.0,0.0,0.0,0.0,0.0,0.0,0.0
2025-07-27,24579,0.0,0.0,0.0,0.0,0.0,0.0,0.0,0.0,0.0,0.0
2025-07-28,26517,0.0,0.0,0.0,0.0,0.0,0.0,0.0,0.0,0.0,0.0
2025-07-29,27623,0.0,0.0,0.0,0.0,0.0,0.0,0.0,0.0,0.0,0.0
2025-07-30,27037,0.0,0.0,0.0,0.0,0.0,0.0,0.0,0.0,0.0,0.0
2025-07-31,25689,0.0,0.0,0.0,0.0,0.0,0.0,0.0,0.0,0.0,0.0
2025-08-01,26861,0.0,0.0,0.0,0.0,0.0,0.0,0.0,0.0,1.0,0.0
2025-08-02,26659,0.0,0.0,0.0,0.0,0.0,0.0,0.0,0.0,1.0,0.0
2025-08-03,25637,0.0,0.0,0.0,0.0,0.0,0.0,0.0,0.0,1.0,0.0
2025-08-04,27913,0.0,0.0,0.0,0.0,0.0,0.0,0.0,0.0,0.0,1.0
2025-08-05,50975,1.0,0.0,0.0,0.0,0.0,0.0,0.0,0.0,0.0,1.0
2025-08-06,40342,1.0,0.0,0.0,0.0,0.0,0.0,0.0,0.0,0.0,0.0
2025-08-07,37322,1.0,0.0,0.0,0.0,0.0,0.0,0.0,0.0,0.0,0.0
2025-08-08,35897,0.0,1.0,0.0,0.0,0.0,0.0,0.0,0.0,0.0,0.0
2025-08-09,33829,0.0,1.0,0.0,0.0,0.0,0.0,0.0,0.0,0.0,0.0
2025-08-10,32086,0.0,1.0,0.0,0.0,0.0,0.0,0.0,0.0,0.0,0.0
2025-08-11,31469,0.0,1.0,0.0,0.0,0.0,0.0,0.0,0.0,0.0,0.0
2025-08-12,33234,0.0,1.0,0.0,0.0,0.0,0.0,1.0,0.0,0.0,0.0
2025-08-13,32180,0.0,1.0,0.0,0.0,0.0,0.0,0.0,1.0,0.0,0.0
2025-08-14,29968,0.0,1.0,0.0,0.0,0.0,0.0,0.0,1.0,0.0,0.0
2025-08-15,31239,0.0,0.0,0.0,0.0,0.0,0.0,0.0,1.0,0.0,0.0
2025-08-16,29828,0.0,0.0,0.0,0.0,0.0,0.0,0.0,1.0,0.0,0.0
2025-08-17,30890,0.0,0.0,0.0,0.0,0.0,0.0,0.0,1.0,0.0,0.0
2025-08-18,32650,0.0,0.0,0.0,0.0,0.0,0.0,0.0,1.0,0.0,0.0
2025-08-19,33234,0.0,0.0,0.0,0.0,0.0,0.0,0.0,1.0,0.0,0.0
2025-08-20,29402,0.0,0.0,0.0,0.0,0.0,0.0,0.0,1.0,1.0,0.0
2025-08-21,32350,0.0,0.0,0.0,0.0,0.0,0.0,0.0,1.0,1.0,0.0
2025-08-22,34258,0.0,0.0,0.0,0.0,0.0,0.0,0.0,1.0,1.0,0.0
2025-08-23,34452,0.0,0.0,0.0,0.0,0.0,0.0,0.0,1.0,1.0,0.0
2025-08-24,36881,0.0,0.0,0.0,0.0,0.0,0.0,0.0,1.0,0.0,1.0
2025-08-25,40002,0.0,0.0,0.0,0.0,0.0,0.0,0.0,0.0,0.0,1.0
2025-08-26,40343,0.0,0.0,0.0,0.0,0.0,0.0,0.0,0.0,0.0,0.0
2025-08-27,39933,0.0,0.0,0.0,0.0,0.0,0.0,0.0,0.0,0.0,0.0
2025-08-28,37005,0.0,0.0,0.0,0.0,0.0,0.0,0.0,0.0,0.0,0.0
2025-08-29,37771,0.0,0.0,0.0,0.0,0.0,0.0,0.0,0.0,0.0,0.0
2025-08-30,37747,0.0,0.0,0.0,0.0,0.0,0.0,0.0,0.0,0.0,0.0
2025-08-31,35825,0.0,0.0,0.0,0.0,0.0,0.0,0.0,0.0,0.0,0.0
2025-09-01,36569,0.0,0.0,0.0,0.0,0.0,0.0,0.0,0.0,0.0,0.0
2025-09-02,38600,0.0,0.0,0.0,0.0,0.0,0.0,0.0,0.0,0.0,0.0
2025-09-03,37883,0.0,0.0,0.0,0.0,0.0,0.0,0.0,0.0,0.0,0.0
2025-09-04,38016,0.0,0.0,0.0,0.0,0.0,0.0,0.0,0.0,0.0,0.0
2025-09-05,37405,0.0,0.0,0.0,0.0,0.0,0.0,0.0,0.0,0.0,0.0
2025-09-06,36957,0.0,0.0,0.0,0.0,0.0,0.0,0.0,0.0,0.0,0.0
2025-09-07,34957,0.0,0.0,0.0,0.0,0.0,0.0,0.0,0.0,0.0,0.0
2025-09-08,36207,0.0,0.0,0.0,0.0,0.0,0.0,0.0,0.0,0.0,0.0
2025-09-09,36378,0.0,0.0,0.0,0.0,0.0,0.0,0.0,0.0,0.0,0.0
2025-09-10,35143,0.0,0.0,0.0,0.0,0.0,0.0,0.0,0.0,0.0,0.0
2025-09-11,34303,0.0,0.0,0.0,0.0,0.0,0.0,0.0,0.0,0.0,0.0
2025-09-12,34129,0.0,0.0,0.0,0.0,0.0,0.0,0.0,0.0,0.0,0.0
2025-09-13,33200,0.0,0.0,0.0,0.0,0.0,0.0,0.0,0.0,0.0,0.0
2025-09-14,31413,0.0,0.0,0.0,0.0,0.0,0.0,0.0,0.0,0.0,0.0
2025-09-15,32040,0.0,0.0,0.0,0.0,0.0,0.0,0.0,0.0,0.0,0.0
2025-09-16,34306,0.0,0.0,0.0,0.0,0.0,0.0,0.0,0.0,0.0,0.0
2025-09-17,32974,0.0,0.0,0.0,0.0,0.0,0.0,0.0,0.0,0.0,0.0
2025-09-18,33579,0.0,0.0,0.0,0.0,0.0,0.0,0.0,0.0,0.0,0.0
2025-09-19,33791,0.0,0.0,0.0,0.0,0.0,0.0,0.0,0.0,0.0,0.0
2025-09-20,32723,0.0,0.0,0.0,0.0,0.0,0.0,0.0,0.0,0.0,0.0
2025-09-21,31101,0.0,0.0,0.0,0.0,0.0,0.0,0.0,0.0,0.0,0.0
2025-09-22,33164,0.0,0.0,0.0,0.0,0.0,0.0,0.0,0.0,0.0,0.0
2025-09-23,31275,0.0,0.0,0.0,0.0,0.0,0.0,0.0,0.0,0.0,0.0
2025-09-24,35532,0.0,0.0,0.0,0.0,0.0,0.0,1.0,0.0,0.0,0.0
2025-09-25,38010,0.0,0.0,0.0,0.0,0.0,0.0,0.0,1.0,0.0,0.0
2025-09-26,39818,0.0,0.0,0.0,0.0,0.0,0.0,0.0,1.0,0.0,0.0
2025-09-27,39533,0.0,0.0,0.0,0.0,0.0,0.0,0.0,1.0,0.0,0.0
2025-09-28,38864,0.0,0.0,0.0,0.0,0.0,0.0,0.0,1.0,0.0,0.0
2025-09-29,38558,0.0,0.0,0.0,0.0,0.0,0.0,0.0,1.0,0.0,0.0
2025-09-30,36788,0.0,0.0,0.0,0.0,0.0,0.0,0.0,1.0,0.0,0.0
2025-10-01,36758,0.0,0.0,0.0,0.0,0.0,0.0,0.0,1.0,0.0,0.0
2025-10-02,36051,0.0,0.0,0.0,0.0,0.0,0.0,0.0,1.0,0.0,0.0
2025-10-03,36100,0.0,0.0,0.0,0.0,0.0,0.0,0.0,1.0,0.0,0.0
2025-10-04,36605,0.0,0.0,0.0,0.0,0.0,0.0,0.0,1.0,0.0,0.0
2025-10-05,34753,0.0,0.0,0.0,0.0,0.0,0.0,0.0,1.0,0.0,0.0
2025-10-06,35802,0.0,0.0,0.0,0.0,0.0,0.0,0.0,1.0,0.0,0.0
2025-10-07,36926,0.0,0.0,0.0,0.0,0.0,0.0,0.0,0.0,0.0,0.0
2025-10-08,37348,0.0,0.0,0.0,0.0,0.0,0.0,0.0,0.0,0.0,0.0
2025-10-09,38310,0.0,0.0,0.0,0.0,0.0,0.0,0.0,0.0,0.0,0.0
2025-10-10,38063,0.0,0.0,0.0,0.0,0.0,0.0,0.0,0.0,0.0,0.0
2025-10-11,36766,0.0,0.0,0.0,0.0,0.0,0.0,0.0,0.0,0.0,0.0
2025-10-12,36195,0.0,0.0,0.0,0.0,0.0,0.0,0.0,0.0,0.0,0.0
2025-10-13,35962,1.0,0.0,0.0,0.0,0.0,0.0,0.0,0.0,0.0,0.0
2025-10-14,37542,1.0,0.0,0.0,0.0,0.0,0.0,0.0,0.0,0.0,0.0
2025-10-15,55080,1.0,0.0,0.0,0.0,0.0,0.0,0.0,0.0,0.0,0.0
2025-10-16,46429,0.0,1.0,0.0,0.0,0.0,0.0,0.0,0.0,0.0,0.0
2025-10-17,44694,0.0,1.0,0.0,0.0,0.0,0.0,0.0,0.0,0.0,0.0
2025-10-18,42424,0.0,1.0,0.0,0.0,0.0,0.0,0.0,0.0,0.0,0.0
2025-10-19,39036,0.0,1.0,0.0,0.0,0.0,0.0,0.0,0.0,0.0,0.0
2025-10-20,39244,0.0,1.0,0.0,0.0,0.0,0.0,0.0,0.0,0.0,0.0
2025-10-21,37344,0.0,1.0,0.0,0.0,0.0,0.0,0.0,0.0,0.0,0.0
2025-10-22,36439,0.0,1.0,0.0,0.0,0.0,0.0,0.0,0.0,0.0,0.0
2025-10-23,35511,0.0,0.0,0.0,0.0,0.0,0.0,0.0,0.0,0.0,0.0
2025-10-24,36058,0.0,0.0,0.0,0.0,0.0,0.0,0.0,0.0,0.0,0.0
2025-10-25,35971,0.0,0.0,0.0,0.0,0.0,0.0,0.0,0.0,0.0,0.0
2025-10-26,33590,0.0,0.0,0.0,0.0,0.0,0.0,0.0,0.0,0.0,0.0
2025-10-27,34620,0.0,0.0,0.0,0.0,0.0,0.0,0.0,0.0,0.0,0.0
2025-10-28,34011,0.0,0.0,0.0,0.0,0.0,0.0,0.0,0.0,0.0,0.0
2025-10-29,32643,0.0,0.0,0.0,0.0,0.0,0.0,0.0,0.0,0.0,0.0
2025-10-30,33506,0.0,0.0,0.0,0.0,1.0,0.0,0.0,0.0,0.0,0.0
2025-10-31,34738,0.0,0.0,0.0,0.0,0.0,1.0,0.0,0.0,0.0,0.0
2025-11-01,34696,0.0,0.0,0.0,0.0,0.0,1.0,0.0,0.0,0.0,0.0
2025-11-02,34380,0.0,0.0,0.0,0.0,0.0,1.0,0.0,0.0,0.0,0.0
2025-11-03,34510,0.0,0.0,0.0,0.0,0.0,1.0,0.0,0.0,0.0,0.0
2025-11-04,36480,0.0,0.0,0.0,0.0,0.0,1.0,0.0,0.0,0.0,0.0
2025-11-05,35040,0.0,0.0,0.0,0.0,0.0,1.0,0.0,0.0,0.0,0.0
2025-11-06,35893,0.0,0.0,0.0,0.0,0.0,1.0,0.0,0.0,0.0,0.0
2025-11-07,37048,0.0,0.0,0.0,0.0,0.0,1.0,0.0,0.0,0.0,0.0
2025-11-08,36043,0.0,0.0,0.0,0.0,0.0,1.0,0.0,0.0,0.0,0.0
2025-11-09,33938,0.0,0.0,0.0,0.0,0.0,1.0,0.0,0.0,0.0,0.0
2025-11-10,35132,0.0,0.0,0.0,0.0,0.0,1.0,0.0,0.0,0.0,0.0
2025-11-11,35576,0.0,0.0,0.0,0.0,0.0,1.0,0.0,0.0,0.0,0.0
2025-11-12,35102,0.0,0.0,0.0,0.0,0.0,0.0,0.0,0.0,0.0,0.0
2025-11-13,32452,0.0,0.0,0.0,0.0,0.0,0.0,0.0,0.0,0.0,0.0
2025-11-14,33679,0.0,0.0,0.0,0.0,0.0,0.0,0.0,0.0,0.0,0.0
2025-11-15,32864,0.0,0.0,0.0,0.0,0.0,0.0,0.0,0.0,0.0,0.0
2025-11-16,31047,0.0,0.0,0.0,0.0,0.0,0.0,0.0,0.0,0.0,0.0
2025-11-17,32147,0.0,0.0,0.0,0.0,0.0,0.0,0.0,0.0,0.0,0.0
2025-11-18,34133,0.0,0.0,0.0,0.0,0.0,0.0,0.0,0.0,0.0,0.0
2025-11-19,31922,0.0,0.0,0.0,0.0,0.0,0.0,0.0,0.0,0.0,0.0
2025-11-20,31000,0.0,0.0,0.0,0.0,0.0,0.0,0.0,0.0,0.0,0.0
2025-11-21,31722,0.0,0.0,0.0,0.0,0.0,0.0,0.0,0.0,0.0,0.0
2025-11-22,31230,0.0,0.0,0.0,0.0,0.0,0.0,0.0,0.0,0.0,0.0
2025-11-23,30570,0.0,0.0,0.0,0.0,0.0,0.0,0.0,0.0,0.0,0.0
2025-11-24,29683,0.0,0.0,0.0,0.0,0.0,0.0,0.0,0.0,0.0,0.0
2025-11-25,30328,0.0,0.0,0.0,0.0,0.0,0.0,0.0,0.0,0.0,0.0
2025-11-26,31010,0.0,0.0,0.0,0.0,0.0,0.0,0.0,0.0,0.0,0.0
2025-11-27,30657,0.0,0.0,0.0,0.0,0.0,0.0,0.0,0.0,0.0,0.0
2025-11-28,32464,0.0,0.0,0.0,0.0,0.0,0.0,0.0,0.0,0.0,0.0
2025-11-29,31828,0.0,0.0,0.0,0.0,0.0,0.0,0.0,0.0,0.0,0.0
2025-11-30,30405,0.0,0.0,0.0,0.0,0.0,0.0,0.0,0.0,0.0,0.0
2025-12-01,32989,0.0,0.0,0.0,0.0,0.0,0.0,0.0,0.0,0.0,0.0
2025-12-02,33133,0.0,0.0,0.0,0.0,0.0,0.0,0.0,0.0,0.0,0.0
2025-12-03,31685,0.0,0.0,0.0,0.0,0.0,0.0,0.0,0.0,0.0,0.0
2025-12-04,30929,0.0,0.0,0.0,0.0,0.0,0.0,0.0,0.0,0.0,0.0
2025-12-05,31122,0.0,0.0,0.0,0.0,0.0,0.0,0.0,0.0,0.0,0.0
2025-12-06,31379,0.0,0.0,0.0,0.0,0.0,0.0,0.0,0.0,0.0,0.0
2025-12-07,29866,0.0,0.0,0.0,0.0,0.0,0.0,0.0,0.0,0.0,0.0
2025-12-08,30895,0.0,0.0,0.0,0.0,0.0,0.0,0.0,0.0,0.0,0.0
2025-12-09,32104,0.0,0.0,0.0,0.0,0.0,0.0,0.0,0.0,0.0,0.0
2025-12-10,31420,0.0,0.0,0.0,0.0,0.0,0.0,0.0,0.0,0.0,0.0
2025-12-11,31771,0.0,0.0,0.0,0.0,0.0,0.0,0.0,0.0,0.0,0.0
2025-12-12,34006,0.0,0.0,0.0,0.0,1.0,0.0,0.0,0.0,0.0,0.0
2025-12-13,35875,0.0,0.0,0.0,0.0,0.0,1.0,0.0,0.0,0.0,0.0
2025-12-14,33992,0.0,0.0,0.0,0.0,0.0,1.0,0.0,0.0,0.0,0.0
2025-12-15,36187,0.0,0.0,0.0,0.0,0.0,1.0,0.0,0.0,0.0,0.0
2025-12-16,34445,0.0,0.0,0.0,0.0,0.0,1.0,0.0,0.0,0.0,0.0
2025-12-17,37649,0.0,0.0,0.0,0.0,0.0,1.0,0.0,0.0,0.0,0.0
2025-12-18,38129,0.0,0.0,0.0,0.0,0.0,1.0,0.0,0.0,0.0,0.0
2025-12-19,38218,0.0,0.0,0.0,0.0,0.0,1.0,0.0,0.0,0.0,0.0
2025-12-20,36785,0.0,0.0,0.0,0.0,0.0,1.0,0.0,0.0,0.0,0.0
2025-12-21,36726,0.0,0.0,0.0,0.0,0.0,1.0,0.0,0.0,0.0,0.0
2025-12-22,37876,0.0,0.0,0.0,0.0,0.0,1.0,0.0,0.0,0.0,0.0
2025-12-23,37311,0.0,0.0,0.0,0.0,0.0,1.0,0.0,0.0,0.0,0.0
2025-12-24,37015,0.0,0.0,0.0,0.0,0.0,1.0,0.0,0.0,0.0,0.0
2025-12-25,35399,0.0,0.0,0.0,0.0,0.0,1.0,0.0,0.0,0.0,0.0
2025-12-26,36495,0.0,0.0,0.0,0.0,0.0,1.0,0.0,0.0,0.0,0.0
2025-12-27,35000,0.0,0.0,0.0,0.0,0.0,1.0,0.0,0.0,0.0,0.0
2025-12-28,34585,0.0,0.0,0.0,0.0,0.0,1.0,0.0,0.0,0.0,0.0
2025-12-29,34044,0.0,0.0,0.0,0.0,0.0,1.0,0.0,0.0,0.0,0.0
2025-12-30,33755,0.0,0.0,0.0,0.0,0.0,1.0,0.0,0.0,0.0,0.0
2025-12-31,30009,0.0,0.0,0.0,0.0,0.0,1.0,0.0,0.0,0.0,0.0
2026-01-01,30855,0.0,0.0,0.0,0.0,0.0,1.0,0.0,0.0,0.0,0.0
2026-01-02,32046,0.0,0.0,0.0,0.0,0.0,1.0,0.0,0.0,0.0,0.0
2026-01-03,33295,0.0,0.0,0.0,0.0,0.0,1.0,0.0,0.0,0.0,0.0
2026-01-04,33346,0.0,0.0,0.0,0.0,0.0,1.0,0.0,0.0,0.0,0.0
2026-01-05,34340,0.0,0.0,0.0,0.0,0.0,1.0,0.0,0.0,0.0,0.0
2026-01-06,35719,0.0,0.0,0.0,0.0,0.0,0.0,0.0,0.0,0.0,0.0
2026-01-07,34492,0.0,0.0,0.0,0.0,0.0,0.0,0.0,0.0,0.0,0.0
2026-01-08,33688,0.0,0.0,0.0,0.0,0.0,0.0,0.0,0.0,0.0,0.0
2026-01-09,36102,0.0,0.0,0.0,0.0,0.0,0.0,0.0,0.0,0.0,0.0
2026-01-10,35675,0.0,0.0,0.0,0.0,0.0,0.0,0.0,0.0,0.0,0.0
2026-01-11,33636,0.0,0.0,0.0,0.0,0.0,0.0,0.0,0.0,0.0,0.0
2026-01-12,32588,0.0,0.0,0.0,0.0,0.0,0.0,0.0,0.0,0.0,0.0
2026-01-13,33879,0.0,0.0,0.0,0.0,0.0,0.0,0.0,0.0,0.0,0.0
2026-01-14,33578,0.0,0.0,0.0,0.0,0.0,0.0,0.0,0.0,0.0,0.0
2026-01-15,33506,0.0,0.0,0.0,0.0,0.0,0.0,0.0,0.0,0.0,0.0
2026-01-16,34322,0.0,0.0,0.0,0.0,0.0,0.0,0.0,0.0,0.0,0.0
2026-01-17,35093,0.0,0.0,0.0,0.0,0.0,0.0,0.0,0.0,0.0,0.0
2026-01-18,33119,0.0,0.0,0.0,0.0,0.0,0.0,0.0,0.0,0.0,0.0
2026-01-19,33659,0.0,0.0,0.0,0.0,0.0,0.0,0.0,0.0,0.0,0.0
2026-01-20,33764,0.0,0.0,0.0,0.0,0.0,0.0,0.0,0.0,0.0,0.0
2026-01-21,33731,0.0,0.0,0.0,0.0,0.0,0.0,0.0,0.0,0.0,0.0
2026-01-22,32205,0.0,0.0,0.0,0.0,0.0,0.0,0.0,0.0,0.0,0.0
2026-01-23,32881,0.0,0.0,0.0,0.0,0.0,0.0,0.0,0.0,0.0,0.0
2026-01-24,33766,0.0,0.0,0.0,0.0,0.0,0.0,0.0,0.0,0.0,0.0
2026-01-25,31393,0.0,0.0,0.0,0.0,0.0,0.0,0.0,0.0,0.0,0.0
2026-01-26,32158,0.0,0.0,0.0,0.0,0.0,0.0,0.0,0.0,0.0,0.0
2026-01-27,33195,0.0,0.0,0.0,0.0,0.0,0.0,0.0,0.0,0.0,0.0
2026-01-28,33890,0.0,0.0,0.0,0.0,0.0,0.0,0.0,0.0,0.0,0.0
2026-01-29,32844,0.0,0.0,0.0,0.0,0.0,0.0,0.0,0.0,0.0,0.0
2026-01-30,32462,0.0,0.0,0.0,0.0,0.0,0.0,0.0,0.0,0.0,0.0
2026-01-31,34764,0.0,0.0,0.0,0.0,0.0,0.0,0.0,0.0,0.0,0.0
2026-02-01,32052,0.0,0.0,0.0,0.0,0.0,0.0,0.0,0.0,0.0,0.0
2026-02-02,33780,0.0,0.0,0.0,0.0,0.0,0.0,0.0,0.0,0.0,0.0
2026-02-03,33919,0.0,0.0,0.0,0.0,0.0,0.0,0.0,0.0,0.0,0.0
2026-02-04,33410,0.0,0.0,0.0,0.0,0.0,0.0,0.0,0.0,0.0,0.0
2026-02-05,32418,0.0,0.0,0.0,0.0,0.0,0.0,0.0,0.0,0.0,0.0
2026-02-06,32159,0.0,0.0,0.0,0.0,0.0,0.0,0.0,0.0,0.0,0.0
2026-02-07,32796,0.0,0.0,0.0,0.0,0.0,0.0,0.0,0.0,0.0,0.0
2026-02-08,31364,0.0,0.0,0.0,0.0,0.0,0.0,0.0,0.0,0.0,0.0
2026-02-09,31844,0.0,0.0,0.0,0.0,0.0,0.0,0.0,0.0,0.0,0.0
2026-02-10,33101,0.0,0.0,0.0,0.0,1.0,0.0,0.0,0.0,0.0,0.0
2026-02-11,31818,0.0,0.0,0.0,0.0,0.0,1.0,0.0,0.0,0.0,0.0
2026-02-12,31809,0.0,0.0,0.0,0.0,0.0,1.0,0.0,0.0,0.0,0.0
2026-02-13,33686,0.0,0.0,0.0,0.0,0.0,1.0,0.0,0.0,0.0,0.0
2026-02-14,34243,0.0,0.0,0.0,0.0,0.0,1.0,0.0,0.0,0.0,0.0
2026-02-15,32832,0.0,0.0,0.0,0.0,0.0,1.0,0.0,0.0,0.0,0.0
2026-02-16,32400,0.0,0.0,0.0,0.0,0.0,1.0,0.0,0.0,0.0,0.0
2026-02-17,33318,0.0,0.0,0.0,0.0,0.0,1.0,0.0,0.0,0.0,0.0
2026-02-18,32738,0.0,0.0,0.0,0.0,0.0,1.0,0.0,0.0,0.0,0.0
2026-02-19,32764,0.0,0.0,0.0,0.0,0.0,1.0,0.0,0.0,0.0,0.0
2026-02-20,33442,0.0,0.0,0.0,0.0,0.0,1.0,0.0,0.0,0.0,0.0
2026-02-21,34002,0.0,0.0,0.0,0.0,0.0,1.0,0.0,0.0,0.0,0.0
2026-02-22,34503,0.0,0.0,0.0,0.0,0.0,1.0,0.0,0.0,0.0,0.0
2026-02-23,33471,0.0,0.0,0.0,0.0,0.0,1.0,0.0,0.0,0.0,0.0
2026-02-24,34835,0.0,0.0,0.0,0.0,0.0,0.0,0.0,0.0,0.0,0.0
2026-02-25,34818,0.0,0.0,0.0,0.0,0.0,0.0,0.0,0.0,0.0,0.0
2026-02-26,33909,0.0,0.0,0.0,0.0,0.0,0.0,0.0,0.0,0.0,0.0
2026-02-27,32625,0.0,0.0,0.0,0.0,0.0,0.0,0.0,0.0,0.0,0.0
2026-02-28,33148,0.0,0.0,0.0,0.0,0.0,0.0,0.0,0.0,0.0,0.0
2026-03-01,32129,0.0,0.0,0.0,0.0,0.0,0.0,0.0,0.0,0.0,0.0
2026-03-02,33060,0.0,0.0,0.0,0.0,0.0,0.0,0.0,0.0,0.0,0.0
2026-03-03,35177,0.0,0.0,0.0,0.0,0.0,0.0,0.0,0.0,0.0,0.0
2026-03-04,34490,0.0,0.0,0.0,0.0,0.0,0.0,0.0,0.0,0.0,0.0
2026-03-05,33706,0.0,0.0,0.0,0.0,0.0,0.0,0.0,0.0,0.0,0.0
2026-03-06,33217,0.0,0.0,0.0,0.0,0.0,0.0,0.0,0.0,0.0,0.0
2026-03-07,33105,0.0,0.0,0.0,0.0,0.0,0.0,0.0,0.0,0.0,0.0
2026-03-08,31772,0.0,0.0,0.0,0.0,0.0,0.0,0.0,0.0,0.0,0.0
2026-03-09,32129,0.0,0.0,0.0,0.0,0.0,0.0,0.0,0.0,0.0,0.0
2026-03-10,32553,0.0,0.0,0.0,0.0,0.0,0.0,0.0,0.0,0.0,0.0
2026-03-11,31023,0.0,0.0,0.0,0.0,0.0,0.0,0.0,0.0,1.0,0.0
2026-03-12,32760,0.0,0.0,0.0,0.0,0.0,0.0,0.0,0.0,1.0,0.0
2026-03-13,34601,0.0,0.0,0.0,0.0,0.0,0.0,0.0,0.0,1.0,0.0
2026-03-14,36346,0.0,0.0,0.0,0.0,0.0,0.0,0.0,0.0,1.0,0.0
2026-03-15,34679,0.0,0.0,0.0,0.0,0.0,0.0,0.0,0.0,1.0,0.0
2026-03-16,36185,1.0,0.0,0.0,0.0,0.0,0.0,0.0,0.0,0.0,1.0
2026-03-17,72067,1.0,0.0,0.0,0.0,0.0,0.0,0.0,0.0,0.0,1.0
2026-03-18,57218,1.0,0.0,0.0,0.0,0.0,0.0,0.0,0.0,0.0,0.0
2026-03-19,51821,0.0,1.0,0.0,0.0,0.0,0.0,0.0,0.0,0.0,0.0
2026-03-20,46683,0.0,1.0,0.0,0.0,0.0,0.0,0.0,0.0,0.0,0.0
2026-03-21,44663,0.0,1.0,0.0,0.0,0.0,0.0,0.0,0.0,0.0,0.0
2026-03-22,42882,0.0,1.0,0.0,0.0,0.0,0.0,0.0,0.0,0.0,0.0
2026-03-23,43759,0.0,1.0,0.0,0.0,0.0,0.0,0.0,0.0,0.0,0.0
2026-03-24,43139,0.0,1.0,0.0,0.0,0.0,0.0,0.0,0.0,0.0,0.0
2026-03-25,41159,0.0,1.0,0.0,0.0,0.0,0.0,0.0,0.0,0.0,0.0
2026-03-26,39218,0.0,0.0,0.0,0.0,0.0,0.0,0.0,0.0,0.0,0.0
2026-03-27,38557,0.0,0.0,0.0,0.0,0.0,0.0,0.0,0.0,0.0,0.0
2026-03-28,37753,0.0,0.0,0.0,0.0,0.0,0.0,0.0,0.0,0.0,0.0
2026-03-29,36486,0.0,0.0,0.0,0.0,0.0,0.0,0.0,0.0,0.0,0.0
2026-03-30,36425,0.0,0.0,0.0,0.0,0.0,0.0,0.0,0.0,0.0,0.0
2026-03-31,36684,0.0,0.0,0.0,0.0,0.0,0.0,0.0,0.0,0.0,0.0
2026-04-01,34697,0.0,0.0,0.0,0.0,0.0,0.0,0.0,0.0,0.0,0.0
2026-04-02,37491,0.0,0.0,0.0,0.0,0.0,0.0,0.0,0.0,0.0,0.0
2026-04-03,39670,0.0,0.0,0.0,0.0,0.0,0.0,0.0,0.0,0.0,0.0
2026-04-04,37371,0.0,0.0,0.0,0.0,0.0,0.0,0.0,0.0,0.0,0.0
2026-04-05,35315,0.0,0.0,0.0,0.0,0.0,0.0,0.0,0.0,0.0,0.0
2026-04-06,36599,0.0,0.0,0.0,0.0,0.0,0.0,0.0,0.0,0.0,0.0
2026-04-07,36152,0.0,0.0,0.0,0.0,0.0,0.0,0.0,0.0,0.0,0.0
2026-04-08,35322,0.0,0.0,0.0,0.0,0.0,0.0,0.0,0.0,0.0,0.0
2026-04-09,34679,0.0,0.0,0.0,0.0,0.0,0.0,0.0,0.0,0.0,0.0
2026-04-10,35339,0.0,0.0,0.0,0.0,0.0,0.0,0.0,0.0,0.0,0.0
2026-04-11,34899,0.0,0.0,0.0,0.0,0.0,0.0,0.0,0.0,0.0,0.0
2026-04-12,32221,0.0,0.0,0.0,0.0,0.0,0.0,0.0,0.0,0.0,0.0
2026-04-13,33617,0.0,0.0,0.0,0.0,0.0,0.0,0.0,0.0,0.0,0.0
2026-04-14,34540,0.0,0.0,0.0,0.0,0.0,0.0,0.0,0.0,0.0,0.0
2026-04-15,32019,0.0,0.0,0.0,0.0,0.0,0.0,0.0,0.0,0.0,0.0
2026-04-16,32348,0.0,0.0,0.0,0.0,0.0,0.0,0.0,0.0,0.0,0.0
2026-04-17,32164,0.0,0.0,0.0,0.0,0.0,0.0,0.0,0.0,0.0,0.0
2026-04-18,32883,0.0,0.0,0.0,0.0,0.0,0.0,0.0,0.0,0.0,0.0
2026-04-19,31059,0.0,0.0,0.0,0.0,0.0,0.0,0.0,0.0,0.0,0.0
2026-04-20,32136,0.0,0.0,0.0,0.0,0.0,0.0,0.0,0.0,0.0,0.0
2026-04-21,34364,0.0,0.0,0.0,0.0,1.0,0.0,0.0,0.0,0.0,0.0
2026-04-22,34602,0.0,0.0,0.0,0.0,0.0,1.0,0.0,0.0,0.0,0.0
2026-04-23,37057,0.0,0.0,0.0,0.0,0.0,1.0,0.0,0.0,0.0,0.0
2026-04-24,37470,0.0,0.0,0.0,0.0,0.0,1.0,0.0,0.0,0.0,0.0
2026-04-25,37577,0.0,0.0,0.0,0.0,0.0,1.0,0.0,0.0,0.0,0.0
2026-04-26,35780,0.0,0.0,0.0,0.0,0.0,1.0,0.0,0.0,0.0,0.0
2026-04-27,37165,0.0,0.0,0.0,0.0,0.0,1.0,0.0,0.0,0.0,0.0
2026-04-28,37548,0.0,0.0,0.0,0.0,0.0,1.0,0.0,0.0,0.0,0.0
2026-04-29,38266,0.0,0.0,0.0,0.0,0.0,1.0,0.0,0.0,0.0,0.0
2026-04-30,34256,0.0,0.0,0.0,0.0,0.0,1.0,0.0,0.0,0.0,0.0
2026-05-01,33527,0.0,0.0,0.0,0.0,0.0,1.0,0.0,0.0,1.0,0.0
2026-05-02,32376,0.0,0.0,0.0,0.0,0.0,1.0,0.0,0.0,1.0,0.0
2026-05-03,33408,0.0,0.0,0.0,0.0,0.0,1.0,0.0,0.0,1.0,0.0
2026-05-04,33295,0.0,0.0,0.0,0.0,0.0,1.0,0.0,0.0,0.0,1.0
2026-05-05,34619,0.0,0.0,0.0,0.0,0.0,0.0,0.0,0.0,0.0,1.0
2026-05-06,33844,0.0,0.0,0.0,0.0,0.0,0.0,0.0,0.0,0.0,0.0
2026-05-07,37716,0.0,0.0,0.0,0.0,0.0,0.0,0.0,0.0,0.0,0.0
2026-05-08,37958,0.0,0.0,0.0,0.0,0.0,0.0,0.0,0.0,0.0,0.0
2026-05-09,38513,0.0,0.0,0.0,0.0,0.0,0.0,0.0,0.0,0.0,0.0
2026-05-10,34942,0.0,0.0,0.0,0.0,0.0,0.0,0.0,0.0,0.0,0.0
2026-05-11,34961,0.0,0.0,0.0,0.0,0.0,0.0,0.0,0.0,0.0,0.0
2026-05-12,35466,0.0,0.0,0.0,0.0,0.0,0.0,0.0,0.0,0.0,0.0
2026-05-13,35186,0.0,0.0,0.0,0.0,0.0,0.0,0.0,0.0,0.0,0.0
2026-05-14,34972,0.0,0.0,0.0,0.0,0.0,0.0,0.0,0.0,0.0,0.0
2026-05-15,35593,0.0,0.0,0.0,0.0,0.0,0.0,0.0,0.0,0.0,0.0
2026-05-16,34659,0.0,0.0,0.0,0.0,0.0,0.0,0.0,0.0,0.0,0.0
2026-05-17,32258,0.0,0.0,0.0,0.0,0.0,0.0,0.0,0.0,0.0,0.0
2026-05-18,33007,0.0,0.0,0.0,0.0,0.0,0.0,0.0,0.0,0.0,0.0
2026-05-19,33703,0,0,0,0,0,0,0,0,0,0
2026-05-20,33305,0,0,0,0,0,0,0,0,0,0
2026-05-21,33939,0,0,0,0,0,0,0,0,0,0
2026-05-22,36070,0,0,0,0,0,0,0,0,0,0
2026-05-23,35058,0,0,0,0,0,0,0,0,0,0
2026-05-24,32859,0,0,0,0,0,0,0,0,0,0
